name,address1,address2,address3,borough_name,website,os_addressbase_uprn,borough_code,ward_2022_name,ward_2022_code,latitude,longitude,easting,northing
Exhibition ,Ariel Way,London,Ariel Way,Hammersmith and Fulham,https://exhibitionlondon.co.uk/,,E09000013,Shepherd's Bush Green,E05013748,51.50976105955226,-0.22287217289802783,523423.1366999997,180477.9838999994
Koko,1a Camden High Street; Camden Town; London NW1 7JE,London,1A Camden High St,Camden,https://www.koko.co.uk/,,E09000007,Regent's Park,E05013668,51.53461699938541,-0.1383379998411256,529218.6936999997,183387.80299999937
Lafayette London,"11 Goods Way, Kings Cross, London N1C 4DP",Kings Cross,11 Goods Way,Camden,What’s On - Lafayette London,,E09000007,King's Cross,E05013666,51.53461299916719,-0.1250759994436424,530138.4643999999,183410.8401999995
OVO Arena Wembley (SSE),Arena Square; Empire Way; Wembley; London HA9 0DH;,Engineers Way ,Arena Square,Brent,OVO Arena Wembley,0,E09000005,Wembley Park,E05013516,51.55817799991644,-0.28272400002839604,519143.5295000002,185763.01850000024
The O2 Arena,"Peninsula Square, SE10 0DX",London,Peninsula Square,Greenwich,The O2 arena | The O2,10010224811,E09000011,Greenwich Peninsula,E05014082,51.50149353935798,0.006379515610751955,539356.2352,179969.8970999997
Wembley Stadium,"South Way, London",,,Brent,Home | Wembley Stadium,0,E09000005,Wembley Park,E05013516,51.55552193914201,-0.2779267594636563,519483.0114000002,185475.47580000013
London Stadium,"Queen Elizabeth Olympic Park, London, E20 2ST",,Queen Elizabeth Ol,Tower Hamlets,www.london-stadium.com,10014035637,E09000030,Bow East,E05009319,51.543295999171455,-0.01655200029220948,537638.6514999997,184574.9143000003
Eventim Apollo,"45 Queen Caroline Street, London, W6 9QH",London,45 Queen Caroline ,Hammersmith and Fulham,Eventim Apollo,34030384,E09000013,Hammersmith Broadway,E05013741,51.49083999950053,-0.22450399955944642,523360.96829999983,178371.17369999923
Deptford Albany,Albany Centre & Theatre Douglas Way,Lewisham,Albany Centre & Th,Lewisham,www.thealbany.org.uk,100000000000,E09000023,Deptford,E05013719,51.47694768919706,-0.02475631771068465,537269.0152000003,177181.62319999933
Rich Mix,35-47 Bethnal Green Road; Bethnal Green; London E1,Tower Hamlets,35-47 Bethnal Gree,Tower Hamlets,www.richmix.org.uk,6150258,E09000030,Weavers,E05009335,51.524230999486484,-0.07381199993535487,533724.1513,182348.75
Iklectik,"20 Carlisle Lane, SE1 7LG London, United Kingdom",Carlisle Lane,The Grey Studio 20,Lambeth,www.iklectikartlab.com,10091119428,E09000022,Waterloo & South Bank,E05014118,51.49845199917116,-0.11654600031524927,530833.5845999997,179404.90399999917
Ripley Arts Center (Bromley Arts Trust),24 Sundridge Avenue Bromley,,24 Sundridge Avenu,Bromley,http://www.bromleyarts.com/ripley-arts-centre/,0,E09000006,Plaistow,E05014004,51.41248262924624,0.02390963942326518,540846.477,170105.46839999966
Harrow Arts Centre,Uxbridge Road Harrow,,Uxbridge Road Harr,Harrow,www.harrowarts.com,200000000000,E09000015,Hatch End,E05013549,51.60799056975133,-0.3622419133234421,513507.35720000044,191176.0479000006
Alexandra Palace,Alexandra Palace Way; Alexandra Palace; London N22,Alexandra Palace Way ,Alexandra Palace,Haringey,www.alexandrapalace.com,10003974918,E09000014,Alexandra Park,E05013585,51.59364199981194,-0.13192100015035152,529496.0778999999,189962.91119999997
Kings Place,"90 York Way, London, N1 9AG",London,90 York Way,Islington,www.kingsplace.co.uk,10091005851,E09000019,Caledonian,E05013700,51.53496599965649,-0.1221450000808025,530340.7297,183455.30629999936
St John's Smith Square,"London, SW1P 3HA",London,Smith Square  ,Westminster,www.sjss.org.uk,0,E09000033,St James's,E05013806,51.4960909993955,-0.1269629996125056,530117.2867999999,179123.8080000002
Purcell Room,"Southbank Centre, Belvedere Rd, London SE1 8XX",London, Belvedere Road,Lambeth,https://www.southbankcentre.co.uk/venues/purcell-room?,0,E09000022,Waterloo & South Bank,E05014118,51.50608099986778,-0.11630400052251579,530828.5371000003,180253.68630000018
Fairfield Halls,"Park Lane, Croydon, CR9 1DG",Croydon,Park Lane,Croydon,Home | Fairfield Halls | Croydon,,E09000008,Fairfield,E05011468,51.37252499964293,-0.09580399943244364,532637.2060000002,165439.02270000055
The Royal Festival Hall,Belvedere Road,London, Belvedere Road,Lambeth,https://www.southbankcentre.co.uk/venues/royal-festival-hall?,200000000000,E09000022,Waterloo & South Bank,E05014118,51.50608099986778,-0.11630400052251579,530828.5371000003,180253.68630000018
The Royal Albert Hall,Kensington Gore,South Kensington,Kensington Gore,Westminster,Royal Albert Hall — Royal Albert Hall,100000000000,E09000033,Knightsbridge & Belgravia,E05013797,51.50144099937871,-0.1765679994562425,526659.3008000003,179631.80849999934
Barbican Centre,Silk Street ,London,Silk Street ,City of London,Welcome to the Barbican | Barbican,200000000000,E09000001,Coleman Street,E05009299,51.51937389912094,-0.09008471285318502,532609.4544000002,181779.0173000004
Milton Court Barbican,Silk Street,Barbican,Silk Street,City of London,Milton Court | Guildhall School of Music & Drama (gsmd.ac.uk),10025504329,E09000001,Coleman Street,E05009299,51.51936991977815,-0.08983980951444663,532626.4561999999,181779.01860000007
The Clapham Grand,21-25 St. John's Hill,Wandsworth,21-25 St. John's H,Wandsworth,www.claphamgrand.com,100000000000,E09000032,Lavender,E05014014,51.46244269916159,-0.16774926554798278,527379.8455999997,175310.40579999983
Blackheath Halls - Trinity Laban Faculty Of Music,King Charles Court Old Royal Naval College,London,King Charles Court,Greenwich,https:/www.trinitylaban.ac.uk/whats-on,0,E09000011,Greenwich Park,E05014081,51.483032489469906,-0.005358978096293831,538597.5349000003,177894.76850000024
LSO St. Luke's,161 Old Street,Islington,161 Old Street,Islington,www.lso.co.uk/lso-st-lukes.html,5300069641,E09000019,Bunhill,E05013699,51.524645419042564,-0.09237275550092636,532435.4314000001,182361.07330000028
Cadogan Hall Limited,5 Sloane Terrace,,,Westminster,,217078765,E09000033,Knightsbridge & Belgravia,E05013797,51.49335339982734,-0.15568988031462175,528130.9856000002,178768.75809999928
Royal Opera House,"Bow Street, Covent Garden, London WC2E 9DD",,Covent Garden City,Westminster,www.roh.org.uk,10033547198,E09000033,St James's,E05013806,51.51368699983907,-0.12286999965068986,530351.1777999997,181087.7745999992
The Hammersmith Club,11 Rutland Grove,Hammersmith And Fulham,11 Rutland Grove,Hammersmith and Fulham,,34149712,E09000013,Hammersmith Broadway,E05013741,51.48924320944883,-0.22859255261564765,523081.4395000003,178186.73249999993
O2 Forum Kentish Town,9-17 Highgate Rd ,London,9-17 Highgate Rd ,Camden,www.academymusicgroup.com/o2forumkentishtown,0,E09000007,Kentish Town North,E05013663,51.55215299967325,-0.14183400031469368,528926.6841000002,185331.6679999996
O2 Academy Brixton,211 Stockwell Road; Stockwell; London SW9 9SL; Uni,Lambeth,211 Stockwell Road,Lambeth,www.academymusicgroup.com/o2academybrixton,100000000000,E09000022,Brixton North,E05014096,51.46511999915374,-0.11489000044617537,531043.9271999998,175701.3058000002
O2 Academy Islington,N1 Centre; 16 Parkfield Street; Angel; London N1 0,Islington,16 Parkfield Stree,Islington,www.academymusicgroup.com/o2academyislington,10001296717,E09000019,St Mary's & St James',E05013710,51.53482699937588,-0.10576600032907163,531477.0491000004,183469.1325000003
The Old Blue Last,38 Great Eastern Street,Hackney,38 Great Eastern S,Hackney,www.theoldbluelast.com,100000000000,E09000012,Hoxton East & Shoreditch,E05009377,51.52387020952032,-0.07849246136510524,533400.5328000002,182300.0848999992
Troy Bar,10 Hoxton St; Hoxton; London N1 6NG; United Kingdo,Hackney,10 Hoxton Street,Hackney,www.troybar.co.uk,10008242403,E09000012,Hoxton East & Shoreditch,E05009377,51.52763099910315,-0.08012900036213853,533276.0302999998,182715.30760000087
Amersham Arms,388 New Cross Road; New Cross; London SE14 6TY; Un,,,Lewisham,https://www.theamershamarms.net,100000000000,E09000023,Deptford,E05013719,51.47542799923417,-0.030463999320619998,536877.2225000001,177001.9531999994
Blues Kitchen Camden (The),111-113 Camden High Street,Camden,111-113 Camden Hig,Camden,www.theblueskitchen.com/camden,5082330,E09000007,Regent's Park,E05013668,51.53656608951107,-0.13966635063227217,529121.0552000003,183602.20109999925
The Boogaloo,312 Archway Road,,312 Archway Road,Haringey,,100000000000,E09000014,Highgate,E05013592,51.57587097911655,-0.14214635713678345,528838.0290000001,187968.64350000024
The Camden Assembly Pub,49 Chalk Farm Road,Camden,49 Chalk Farm Road,Camden,www.camdenassembly.com,5020249,E09000007,Camden Town,E05013655,51.54261093905982,-0.14769866396961875,528546.9868999999,184260.26579999924
Windmill Brixton,22 Blenheim Gardens,Lambeth,22 Blenheim Garden,Lewisham,www.windmillbrixton.co.uk,100000000000,E09000023,Perry Vale,E05013729,51.44100356945282,-0.04861428434721683,535718.8201000001,173140.2313000001
Oval Space,29-32 The Oval; Bethnal Green; London  E2 9DT; Uni,Tower Hamlets,29-32 The Oval,Tower Hamlets,www.ovalspace.co.uk/about/the-venues/oval-space,6155537,E09000030,St Peter's,E05009331,51.533154999537715,-0.0592619994679834,534707.1107000001,183367.83049999923
O2 Shepherd's Bush Empire,211 Shepherd's Bush Grn,London,211 Shepherd's Bus,Hammersmith and Fulham,www.academymusicgroup.com/o2shepherdsbushempire,34030760,E09000013,Addison,E05013733,51.50384999943523,-0.21981299958892153,523651.4145999998,179825.81980000064
Folklore,"186 Hackney Rd, London, E2 7QL",Tower Hamlets,186 Hackney Road,Tower Hamlets,https://www.folklorehoxton.com,6005502,E09000030,Weavers,E05009335,51.530508999415254,-0.07276800042882307,533778.1725000003,183048.78500000015
Royal Vauxhall Tavern,372 Kennington Lane; Oval; London SE11 5HY; United,Lambeth,372 Kennington Lan,Lambeth,www.vauxhalltavern.com,100000000000,E09000022,Oval,E05014108,51.484868999074756,-0.11520900020558254,530965.2779000001,177896.85060000047
Grow,98C Wallis Road; Main Yard; London E9 5LN,,,Hackney,www.grow-hackney.squarespace.com,,E09000012,Hackney Wick,E05009374,51.54416099946595,-0.023632999774581234,537145.0637999997,184657.82809999958
Biddle Bros,"88 Lower Clapton,  London, E5 0QR",Hackney,88 Lower Clapton R,Hackney,,100000000000,E09000012,Springfield,E05009383,51.571494999818555,-0.06616700055158418,534115.5807999996,187618.6311000008
Boom Boom Club,Sutton United Football Club The Borough Sports Gro,Gander Green Ln,Sutton United Foot,Sutton,www.feenstra.co.uk/boomboom,0,E09000029,Sutton West & East Cheam,E05013768,51.367086289134946,-0.2027941405701397,525205.5173000004,164646.37570000067
St. Moritz Club,159 Wardour Street; W1F 8WH,Wardour Street,159 Wardour St,Westminster,www.stmoritzclub.co.uk,10033622399,E09000033,West End,E05013808,51.51446699955465,-0.1350259997331405,529505.5273000002,181152.94969999976
Grace (The)/Garage (The),20-22 Highbury Corner Highbury East,,20-22 Highbury Cor,Islington,www.thegrace.london,0,E09000019,Laycock,E05013708,51.54619999959474,-0.1037606608510424,531583.3246999998,184737.4377999995
Moth Club,"Valette Street, London, Hackney, E9 6NU",Hackney,Hackney Trades Hal,Hackney,www.mothclub.co.uk,100000000000,E09000012,Homerton,E05009376,51.545250999207745,-0.05464999997308038,534991.2127999999,184721.4416000005
Union Chapel,"Union Chapel, Compton Terrace, London N1 2UN",Islington,19a Compton Terrac,Islington,www.unionchapel.org.uk,10008975865,E09000019,Laycock,E05013708,51.544764999251875,-0.10248100019974957,531676.1908999998,184580.16569999978
Redon,"Arch 289, Cambridge Heath Road, London, E2 9HA, UK",,,Tower Hamlets,,,E09000030,St Peter's,E05009331,51.53211399914905,-0.05722999950799593,534851.1135,183255.8125
Scala,275 Pentonville Road,London,275 Pentonville Rd,Camden,www.scala.co.uk,0,E09000007,King's Cross,E05013666,51.53018459954608,-0.11904751957717451,530569.2220000001,182929.1275999993
93 Feet East,"The Old Truman Brewery, 150 Brick Lane; Shoreditch",London,150 Brick Ln Shore,Tower Hamlets,www.93feeteast.co.uk,6717071,E09000030,Spitalfields & Banglatown,E05009333,51.52170599964574,-0.07228899942633298,533837.1993000004,182070.7514999993
Ain't Nothin' But...,20 Kingly Street,Soho,20 Kingly Street,Westminster,http://www.aintnothinbut.co.uk/,100000000000,E09000033,West End,E05013808,51.5124721890884,-0.13795289625100787,529308.0963000003,180925.95370000042
Vortex Jazz Club,11 Gillett Square; De Beauvoir; London N16 8JH; Un,Hackney,11 Gillett Square,Hackney,https://www.vortexjazz.co.uk/,10091818908,E09000012,Dalston,E05009370,51.54931999984673,-0.07651700010620052,533463.1452000001,185133.78529999964
100 Club,"100 Oxford Street, London, W1D 1LL",City Of Westminster,100 Oxford Street,Westminster,www.the100club.co.uk,10033540054,E09000033,West End,E05013808,51.51621499941813,-0.13533299968691723,529479.2710999995,181346.7865999993
Dingwalls,Middle Yard; Camden Town; London NW1 8AB; United K,London,Middle Yard Camden,Camden,www.dingwalls.com,5084282,E09000007,Camden Town,E05013655,51.5413569990936,-0.14608600010437073,528662.3457000004,184123.6579
Green Note,"106 Parkway, Camden, London NW1 7AN",Camden,106 Parkway,Camden,www.greennote.co.uk,5124523,E09000007,Camden Town,E05013655,51.537252999805794,-0.14581299998970693,528692.8477999996,183667.76740000024
Oslo Hackney,"1a Amhurst Road, Hackney, London,  E8 1LL",,1A Amhurst Rd,Hackney,www.oslohackney.com,10008289187,E09000012,Hackney Central,E05009372,51.547981999422184,-0.057520000244416856,534784.1613999996,185019.84050000086
Servant Jazz Quarters,"10a Bradbury Street , Dalston, N16 8JH",Hackney,10 Bradbury Street,Hackney,www.servantjazzquarters.com,10008302207,E09000012,Dalston,E05009370,51.548641999400715,-0.07672200058766804,533450.9128,185058.01620000042
Sebright Arms,34 Coate Street; Bethnal Green; London E2 9AG; Uni,Tower Hamlets,31-35 Coate Street,Tower Hamlets,www.sebrightarms.co.uk,6021840,E09000030,St Peter's,E05009331,51.53209099955758,-0.06305700009099402,534447.0469000004,183242.52339999937
Village Underground,54 Holywell Lane; Shoreditch; London EC2A 3PQ; Uni,Hackney,54 Holywell Lane,Hackney,www.villageunderground.co.uk,10091784233,E09000012,Hoxton East & Shoreditch,E05009377,51.523787999630414,-0.07803399996860505,533432.5756999999,182291.77910000086
229 The Venue,"229 Great Portland Street, Fitzrovia, London, W1W ",City Of Westminster,229 Great Portland,Westminster,www.229thevenue.com,100000000000,E09000033,West End,E05013808,51.52272599989418,-0.14375000005833038,528876.9167,182055.9737999998
Gladstone Arms,64 Lant Street,Southwark,64 Lant Street,Southwark,www.thegladpub.co.uk,200000000000,E09000028,Chaucer,E05011098,51.500390489661605,-0.09353001417877017,532425.4497999996,179661.8166000005
Jazz After Dark,9 Greek Street,Soho,9 Greek Street,Camden,http://www.jazzafterdark.co.uk/,10033551268,E09000007,Holborn & Covent Garden,E05013662,51.51398237929712,-0.1294302327971531,529895.1588000003,181108.96759999916
Notting Hill Arts Club,21 Notting Hill Gate; Notting Hill; London W11 3JQ,Kensington And Chelsea,19-21 Notting Hill,Kensington and Chelsea,www.nottinghillartsclub.com,217059366,E09000020,Campden,E05009390,51.509375999851855,-0.19455000005533532,525389.5062999995,180483.2617000006
Piano Works,113-117 Farringdon Rd,,,Islington,https://www.pianoworks.bar,10012787103,E09000019,Clerkenwell,E05013702,51.52235584939195,-0.10648158333932121,531463.3271000003,182081.0435000006
Red Room (Ealing Jazz Club),42a The Broadway,,,Ealing,www.ealingclub.com/,12133012,E09000009,Ealing Broadway,E05013520,51.51390359964037,-0.30094467605709874,517994.8629999999,180810.05150000006
Roadtrip And The Workshop,243 Old Street,Hackney,,Hackney,www.roadtripbar.com,100000000000,E09000012,Hoxton East & Shoreditch,E05009377,51.52615589984313,-0.08241885125872227,533121.5016000001,182547.10510000028
Roundhouse,Chalk Farm Road,Chalk Farm,Chalk Farm Road Ca,Camden,www.roundhouse.org.uk/,5109516,E09000007,Camden Town,E05013655,51.542816999908226,-0.14853799931925527,528488.2063999996,184281.70710000023
Shacklewell Arms,71 Shaclewell Lane,Hackney,71 Shacklewell Lan,Hackney,www.shacklewellarms.com,10091775225,E09000012,Shacklewell,E05009382,51.551977659399675,-0.06987856457314807,533915.6036,185441.4617999997
Slaughtered Lamb,34-35 Great Sutton Street,Islington,,Islington,www.theslaughteredlambpub.com,10008975751,E09000019,Bunhill,E05013699,51.522803089049305,-0.09965823546660667,531935.3794999998,182143.0460000001
Betsey Trotwood (The),56 Farringdon Road,,,Islington,https://www.thebetsey.com/,5300032921,E09000019,Clerkenwell,E05013702,51.52284992965968,-0.1064466671473068,531464.3268999998,182136.0482999999
George Tavern (The),373 Commercial Road,,,Tower Hamlets,http://thegeorgetavern.co.uk/,6027924,E09000030,Shadwell,E05009332,51.513825279509675,-0.05129772260602482,535316.7454000004,181233.00100000016
Harrison (The),28 Harrison Street,,,Camden,https://harrisonbar.co.uk/,5058943,E09000007,King's Cross,E05013666,51.527053669672775,-0.11897472154679185,530583.2253999999,182581.09589999914
Jazz Cafe,5-7 Parkway London,,,Camden,https://thejazzcafelondon.com/,5048630,E09000007,Camden Town,E05013655,51.53815066963727,-0.14147655007259097,528991.0396999996,183775.21829999983
Lexington (The),96-98 Pentonville Road,,,Islington,https://www.thelexington.co.uk/,5300073232,E09000019,Clerkenwell,E05013702,51.531259569459046,-0.10983234842007418,531205.2922999999,183065.13419999927
Macbeth (The),70 Hoxton St,,,Hackney,https://www.themacbeth.co.uk/,100000000000,E09000012,Hoxton East & Shoreditch,E05009377,51.529634209147005,-0.07843718341750147,533387.5256000003,182941.15139999986
Social (The),5 Little Portland St,,,Westminster,https://www.thesocial.com/,100000000000,E09000033,West End,E05013808,51.51688129928593,-0.13922897063638612,529207.0805000002,181414.00039999932
Spice Of Life (The),6 Moor Street,City Of Westminster,,Westminster,https://www.spiceoflifesoho.com,100000000000,E09000033,St James's,E05013806,51.512910139119334,-0.1281769251036122,529985.1697000004,180991.9567000009
Underworld,174 Camden High Street,,,Camden,https://www.theunderworldcamden.co.uk,5048636,E09000007,St Pancras & Somers Town,E05013669,51.53868200966884,-0.1403876809816877,529065.0477999998,183836.2223000005
Water Rats,328 Grays Inn Rd,Kings Cross,,Camden,https://www.thewaterratsvenue.london/,5021978,E09000007,King's Cross,E05013666,51.52855500939381,-0.11781701031550228,530659.233,182750.1104000006
Tooting Tram And Social,46-48 Mitcham Road; Tooting; London SW17 9NA; Unit,,46-48 Mitcham Rd,Wandsworth,https://www.tootingtramandsocial.co.uk,0,E09000032,Tooting Broadway,E05014024,51.42676799976888,-0.16648799984391746,527566.7246000003,171345.57349999994
The Oval (Formerly The Oval Tavern),130 Oval Road,Croydon,,Croydon,www.theovaltavern.co.uk,100000000000,E09000008,Addiscombe West,E05011463,51.37780103910407,-0.08603939534805966,533301.5050999997,166043.40579999983
Leytonstone Ex-Servicemens Club,2 Harvey Road,Waltham Forest,2 Harvey Road,Waltham Forest,www.leytonstonesocial.club,100000000000,E09000031,Leytonstone,E05013897,51.566867869632716,0.013254244108125581,539633.2731999997,187252.6258000005
Beehive (The),104 Empson Street,,,Tower Hamlets,N/A,6072864,E09000030,Bromley South,E05009322,51.5211171290525,-0.012061755567996489,538017.0290000001,182117.0457000006
St John At Hackney Church,St. John At Hackney Church,Lower Clapton Road,,Hackney,https://saint.church/,10091775145,E09000012,Homerton,E05009376,51.54869170923924,-0.05172650841056855,535183.7319999998,185109.44830000028
Queen Of Hoxton,1-5 Curtain Road; Hoxton; London EC2A 3JX; United ,Hackney,1 Curtain Road,Hackney,www.queenofhoxton.com/,100000000000,E09000012,Hoxton East & Shoreditch,E05009377,51.52217499910797,-0.08142800068863564,533201.8448000001,182106.2263999991
Strongroom,120-124 Curtain Road,Shoreditch,,Hackney,https://www.strongroombar.com/,0,E09000012,Hoxton East & Shoreditch,E05009377,51.525499309378745,-0.07853880623660536,533392.5582999997,182481.1587000005
Fighting Cocks Bar And Venue (The),56 Old London Road,Kingston Upon Thames,,Kingston upon Thames,https://www.the-fighting-cocks.co.uk/,100000000000,E09000021,Kingston Town,E05013938,51.410155029913575,-0.29659669461104243,518564.92640000023,169279.85789999925
Waiting Room,175 Stoke Newington High St,Stoke Newington,,Hackney,https://threecrownsn16.com/index.php/gigs/,100000000000,E09000012,Stoke Newington,E05009385,51.56155872922796,-0.07224325053963365,533723.6122000003,186502.56519999914
Finsbury (The),336 Green Lanes,Harringay,,Hackney,https://www.thefinsbury.co.uk/,100000000000,E09000012,Woodberry Down,E05009387,51.57144051933811,-0.09468601430404226,532139.4430999998,187560.62600000016
World's End,21-23 Stroud Green Rd,Finsbury Park,21-23 Stroud Green,Haringey,https://www.worldsendfinsburypark.com/,10007028978,E09000014,Stroud Green,E05013600,51.56646486986097,-0.10677057641653871,531316.3234999999,186985.53940000013
Black Heart (The),3 Greenland Place,Camden,,Camden,https://www.ourblackheart.com/,5082934,E09000007,Camden Town,E05013655,51.539111999813834,-0.1418149997362104,528964.8526999997,183881.52329999954
Dublin Castle (The),94 Parkway,,,Camden,https://thedublincastle.com/,5037821,E09000007,Camden Town,E05013655,51.53694039964954,-0.14399190615493018,528820.0212000003,183636.20749999955
Powerhaus (Dingwalls),Middle Yard,Camden Town,,Camden,http://dingwalls.com/,5084282,E09000007,Camden Town,E05013655,51.5409419897245,-0.1439588792805761,528811.0176999997,184081.24750000052
Dome (The),2a Dartmouth Park Hill,,,Islington,https://www.dometufnellpark.co.uk,5300027158,E09000019,Junction,E05013707,51.55700427979451,-0.13714432699452558,529238.0571999997,185879.40499999933
Fiddlers Elbow (The),1 Malden Rd,Belsize Park,,Camden,https://www.thefiddlerselbow.co.uk/,5051822,E09000007,Haverstock,E05013660,51.545563119884335,-0.14955484887748405,528409.9698000001,184585.29609999992
Olivers Jazz Bar,9 Nevada Street,Greenwich,9 Nevada Street,Greenwich,www.oliversjazzbar.co.uk,10010246216,E09000011,Greenwich Park,E05014081,51.479127969622155,-0.006384296122457172,538538.1783999996,177458.65049999952
New Cross Inn,323 New Cross Road; New Cross; London SE14 6AS; Un,Lewisham,323 New Cross Road,Lewisham,www.newcrossinn.com,100000000000,E09000023,Deptford,E05013719,51.47577299984636,-0.03707899932204135,536416.8348000003,177027.9737999998
Off The Cuff,"Arch 645, 301-303 Railton Rd, Herne Hill SE24 0JN",Lambeth,301-303 Railton Ro,Lambeth,www.offthecuffbar.com,100000000000,E09000022,Herne Hill & Loughborough Junction,E05014104,51.45298399934849,-0.10212700006673808,531965.4022000004,174374.69239999913
Bedford (The) ,77 Bedford Hill,Balham,,Wandsworth,https://thebedford.com/,100000000000,E09000032,Balham,E05014009,51.44216165958794,-0.14769367270515224,528829.9637000002,173090.17170000076
Half Moon Putney,93 Lower Richmond Rd,Putney,,Wandsworth,https://www.halfmoon.co.uk/,121002857,E09000032,Thamesfield,E05014022,51.46677791912159,-0.21853397118713733,523840.49430000037,175705.49799999967
White Lion Sw16,232 Streatham High Road,Lambeth,,Lambeth,www.whitelionsw16.co.uk,100000000000,E09000022,Streatham St Leonard's,E05014115,51.430106179791366,-0.12819690950230006,530219.1172000002,171784.04480000027
Electric Brixton,Town Hall Parade; Brixton; London SW2 1RJ; United ,Brixton,,Lambeth,https://www.electricbrixton.uk.com/,,E09000022,Brixton Acre Lane,E05014095,51.459841999296295,-0.11686800030717957,530921.6270000003,175110.8571000006
Pizza Express (The Pheasantry),"The Pheasantry, 152/154 King's Road",,,Kensington and Chelsea,www.pizzaexpresslive.com/venues/chelsea-the-pheasantry,217047024,E09000020,Royal Hospital,E05009403,51.488571429056215,-0.1638782283054186,527575.9265999999,178222.7089000009
Troubadour,263-267 Old Brompton Rd,,,Kensington and Chelsea,https://www.troubadourlondon.com/,217114565,E09000020,Redcliffe,E05009402,51.48832092959887,-0.18999180427802637,525763.7315999996,178149.71319999918
Nell's Jazz & Blues,3 North End Crescent,Hammersmith And Fulham,3 North End Cresce,Hammersmith and Fulham,https://nells.co.uk/,34151679,E09000013,Avonmore,E05013734,51.49172770903121,-0.2056756840702969,524665.6097999997,178501.75310000032
Pizza Express (Jazz Club Soho),10 Dean Street,City Of Westminster,,Westminster,www.pizzaexpresslive.com/venues/soho-jazz-club,100000000000,E09000033,West End,E05013808,51.51511999947257,-0.13330000054689264,529623.4298,181228.61700000055
Ronnie Scotts,47 Frith Street,City Of Westminster,47 Frith Street,Westminster,https://www.ronniescotts.co.uk/,10033534558,E09000033,West End,E05013808,51.51289598964429,-0.13010894818370827,529851.1551000001,180986.95659999922
Boston Room (The) At George Iv,185 Chiswick High Rd,,,Hounslow,https://www.georgeiv.co.uk,100000000000,E09000018,Chiswick Homefields,E05013610,51.49171526942618,-0.25550959437336834,521206.23309999984,178416.77869999968
Phoenix Arts Club,1 Phoenix Street,,,Camden,https://www.phoenixartsclub.com,5169960,E09000007,Holborn & Covent Garden,E05013662,51.51396931959198,-0.12748486452866764,530030.1736000003,181110.96690000035
The Magic Garden,231 Battersea Park Road,Wandsworth,231 Battersea Park,Wandsworth,http://www.magicgardenpub.com/,10024085883,E09000032,Battersea Park,E05014010,51.47479644950908,-0.14920891515887588,528633.0127999997,176716.5451999996
Arch 1,"Unit 1, West Ham Arches, Cranberry Lane, London E1",Cranberry Lane,Unit 1 The Arches,Newham,,10023994435,E09000025,Canning Town North,E05013906,51.52227999911974,0.004719999390255263,539177.6854999997,182278.12519999966
Primo Bar,"Park Plaza, Westminster Bridge, 200 Westminster Br",Lambeth,200 Westminster Br,Lambeth,,10008793643,E09000022,Waterloo & South Bank,E05014118,51.500911999430684,-0.11649699969560913,530829.9429000001,179678.5451999996
Crazy Coqs,20 Sherwood Street,City Of Westminster,20 Sherwood Street,Westminster,www.brasseriezedel.com/live-at-zedel,10033616450,E09000033,St James's,E05013806,51.51005261934702,-0.1339727333157243,529591.1295999996,180663.92840000056
Matthews Yard,"1 Matthews Yard, Croydon CR0 1FF",Croydon,1 Matthews Yard,Croydon,,10090382144,E09000008,Fairfield,E05011468,51.371862999429624,-0.10095299952055656,532280.7484999998,165356.1135000009
Toulouse Lautrec Jazz Club,"140 Newington Butts, Kennington, London SE11 4RN",Kennington,,Lambeth,https://www.toulouselautrec.co.uk/,200000000000,E09000022,Kennington,E05014105,51.49111699955225,-0.10337100042651018,531769.1686000004,178612.85730000027
Cafe 1001,"1 Dray Walk, Shadwell",,,Tower Hamlets,,10091893758,E09000030,Spitalfields & Banglatown,E05009333,51.521026879095075,-0.07074079871224566,533946.5924000004,181998.06570000015
Rosemary Branch,2 Shepperton Road,,,Hackney,,5300082551,E09000012,Hoxton East & Shoreditch,E05009377,51.53711296956536,-0.08534732672236665,532886.4656999996,183760.22660000063
The Cavern,100-102 Coombe Lane,,,Merton,,48126372,E09000024,Raynes Park,E05013823,51.4092929194479,-0.23231738815515757,523037.35639999993,169289.88189999945
Spiritual Caipirinha Bar,"4 Ferdinand Street, Camden Town, London, NW1 8ER",,4-6 Ferdinand St L,Camden,www.spiritualrecords.co.uk/spiritualbarlive,5138352,E09000007,Haverstock,E05013660,51.54321699911635,-0.14890399987767802,528461.7017000001,184325.54549999908
Ivy House,"40 Stuart Road, Nunhead, London SE15 3BE",Southwark,40 Stuart Road,Southwark,www.ivyhousenunhead.com,10013526983,E09000028,Peckham Rye,E05011111,51.45825799913795,-0.052154999417985376,535421.7374,175052.34940000065
Spread Eagle,"3-5 Kingsland Road, London, E2 8DA, United Kingdom",City Of Westminster,8 Woodstock Street,Hackney,www.greeneking-pubs.co.uk/pub/spread-eagle-marylebone,10033584775,E09000012,Hoxton East & Shoreditch,E05009377,51.52846599945601,-0.07816699941847671,533409.6793999998,182811.73709999956
Old Red Lion Theatre,"42 Kennington Park Rd, London SE11 4RS, United Kin",Lambeth,42 Kennington Park,Lambeth,www.theoldredlion.com,100000000000,E09000022,Kennington,E05014105,51.48947299915251,-0.10513400007634932,531651.5153999999,178426.87380000018
Phonox,418 Brixton Road Brixton London SW9 7AY,Lambeth,418 Brixton Road,Lambeth,www.phonox.co.uk/,100000000000,E09000022,Brixton North,E05014096,51.464398999784216,-0.11464899946472862,531062.7306000004,175621.5616999995
The Bread & Roses,68 Clapham Manor Street,,,Lambeth,,100000000000,E09000022,Clapham Town,E05014102,51.46535220960746,-0.13496201619140558,529649.0981999999,175691.43090000004
Goldsmiths Arms,3 Croydon Road,,3 Croydon Road,Bromley,www.goldsmithsarms.com,100000000000,E09000006,Penge & Cator,E05014002,51.41278418965763,-0.05042040858880829,535676.7753999997,169998.92760000005
The Star Of Kings,126 York Way,Islington,126 York Way,Islington,www.starofkings.co.uk,5300100171,E09000019,Caledonian,E05013700,51.53585537934601,-0.12047212741569478,530454.2055000002,183557.18459999934
Forest Tavern,"173 Forest Lane, London E7 9BB",Newham,173 Forest Lane,Newham,www.foresttavern.com,10008986026,E09000025,Forest Gate North,E05013911,51.54986399949914,0.024494000622998977,540464.5806999998,185383.29209999926
Charlie Wright Bar,5 Houghton Street Charing Cross,,,Hackney,,100000000000,E09000012,Hoxton East & Shoreditch,E05009377,51.52718709912295,-0.08223133454994032,533131.5016000001,182662.11730000004
The George & The Dragon,183-185 High Street,,,Ealing,,12103477,E09000009,South Acton,E05013536,51.50671849987414,-0.27022721835182223,520145.10730000027,180060.94879999943
Queens Arms,1 Kilburn High Road,City Of Westminster,1 Kilburn High Roa,Westminster,www.queensarmspub.co.uk,100000000000,E09000033,Abbey Road,E05013792,51.53453443983853,-0.18856268965871464,525735.6823000005,183291.1972000003
Brave New World,22-26 Berrylands Road,Kingston Upon Thames,22-26 Berrylands R,Kingston upon Thames,www.bravebar.co.uk,128001583,E09000021,Berrylands,E05013929,51.39251025944444,-0.29416146143501226,518779.8925000001,167321.69779999927
Mnky Hse,"10 Dover Street Mayfair, London, W1S 4LQ",City Of Westminster,10 Dover Street,Westminster,http://www.mnky-hse.com,10091854778,E09000033,West End,E05013808,51.50817999946687,-0.14167099964772809,529062.2357999999,180442.10009999946
Boisdale Of Belgravia,"15 Eccleston St, Belgravia, London SW1W 9LX, Unite",,,Westminster,www.boisdale.co.uk/belgravia/the-venue,,E09000033,Knightsbridge & Belgravia,E05013797,51.49441599954223,-0.14808500035355204,528655.8938999996,178900.24670000002
Boisdale Of Canary Wharf,"Cabbot Place, London E14 4QT",,,Tower Hamlets,www.boisdale.co.uk/canary-wharf/the-venue,10091775667,E09000030,Canary Wharf,E05009323,51.50535699989375,-0.02224400012647931,537358.0592,180345.41359999962
Colours Hoxton,2-4 Hoxton Square London,,2-4 Hoxton Square ,Hackney,www.hoxtonsquarebar.com,10091942715,E09000012,Hoxton East & Shoreditch,E05009377,51.526995619204705,-0.08042267474475691,533257.5148999998,182644.11739999987
Star Of Bethnal Green,359 Bethnal Green Road; Bethnal Green; London E2 6,Tower Hamlets,359 Bethnal Green ,Tower Hamlets,www.starofbethnalgreen.co.uk/,6169765,E09000030,St Peter's,E05009331,51.526699999513816,-0.062420000038959644,534507.1118000001,182644.19549999945
The Yard Theatre,Unit 2a Queens Yard,White Post Lane,Unit 2a Queens Yar,Tower Hamlets,www.theyardtheatre.co.uk,6077552,E09000030,Bow East,E05009319,51.54212895959251,-0.021790331987710305,537278.9414999997,184435.31299999915
The Eagle,349 Kennington Lane; Vauxhall; London SE11 5QY; Un,,,Lambeth,www.eaglelondon.com/,100000000000,E09000022,Vauxhall,E05014117,51.48630699933872,-0.11934799930674078,530673.8076,178049.36879999936
South Place Hotel,3 South Place,,,City of London,,10090266586,E09000001,Bishopsgate,E05009292,51.51852468962599,-0.08488737891036102,532972.4935999997,181694.01479999907
Number 90,90 Wallis Road,Hackney,90 Wallis Road,Hackney,www.number90bar.co.uk,100000000000,E09000012,Hackney Wick,E05009374,51.543880699038546,-0.021137393768483618,537318.9463999998,184631.33159999922
Fabric,77a Charterhouse St; Clerkenwell; London EC1M 6HJ;,,77a Charterhouse S,Islington,www.fabriclondon.com,5300037740,E09000019,Clerkenwell,E05013702,51.51957399987769,-0.10250499957532705,531747.2130000005,181778.84449999966
Tipsy,"20 Stoke Newington Road, London N16 7XN",Hackney,20 Stoke Newington,Hackney,,100000000000,E09000012,Shacklewell,E05009382,51.55115599915434,-0.074950999491475,533566.3494999995,185340.81179999933
Omeara,"6 O'Meara Street, SE1 1TE, London",,6 O'meara St Londo,Southwark,www.omearalondon.com,0,E09000028,Borough & Bankside,E05011095,51.50414299954191,-0.09460299955549314,532340.1118000001,180077.15799999982
Fire,"39 Parry Street, South Lambeth Road, London, SW8 1",Lambeth,Arch 39-43 Parry S,Lambeth,www.firelondon.net/,100000000000,E09000022,Vauxhall,E05014117,51.484402999639634,-0.12344400061694508,530394.8640000001,177830.34530000016
Bar 512,512 Kingsland Road,Hackney,512 Kingsland Road,Hackney,,100000000000,E09000012,London Fields,E05009381,51.543477649035005,-0.07419037535974347,533641.5475000003,184488.34869999997
Vfd,66 Stoke Newington Road; Dalston; London N16 7XB; ,Hackney,66 Stoke Newington,Hackney,,100000000000,E09000012,Shacklewell,E05009382,51.552571999513,-0.07464899998684818,533583.1457000002,185498.82540000044
Egg London,5-13 Vale Royal,London,5-13 Vale Royal,Islington,https://www.egglondon.co.uk,,E09000019,Caledonian,E05013700,51.54175099948766,-0.12518799928458718,530110.3471999997,184204.39360000007
Heaven,11 The Arches; Villiers St; Charing Cross; London ,Villiers Street,11 The Arches,Westminster,www.heavennightclub-london.com,10033544602,E09000033,St James's,E05013806,51.50808699974414,-0.12412199946638139,530280.2784000002,180462.82230000012
The Glory,281 Kingsland Road,Hackney,281 Kingsland Road,Hackney,www.theglory.co,100000000000,E09000012,Haggerston,E05009375,51.535684179516416,-0.07552887868299253,533571.5362999998,183619.2385000009
Maddox Club,"3-5 Mill Street, London, W1S 2AU",City Of Westminster,3-5 Mill St,Westminster,http://www.maddoxclub.com,100000000000,E09000033,West End,E05013808,51.513305999783604,-0.141384999771504,529067.5986000001,181012.62150000036
Under The Bridge,"Stamford Bridge, Fulham Road, London, SW6 1HS",Fulham,Stanford Bridge Fu,Hammersmith and Fulham,www.underthebridge.co.uk,0,E09000013,Walham Green,E05013749,51.4814319991033,-0.19155700040321774,525673.9844000004,177380.96240000054
Ministry Of Sound,"103 Gaunt Street, Elephant & Castle, London, SE1 6",Southwark,103 Gaunt Street,Southwark,www.club.ministryofsound.com,200000000000,E09000028,St George's,E05011114,51.49764999905722,-0.09920900024182852,532039.2197000002,179346.82389999926
Rivoli Ballroom,"350 Brockley Road, SE4 2BY London",Lewisham,350 Brockley Road,Lewisham,www.rivoliballroom.com,100000000000,E09000023,Crofton Park,E05013718,51.45520999962726,-0.03713900024819531,536473.9731999999,174741.28490000032
Tiger Tiger London,"29 The Haymarket, London, SW1Y 4SP",,,Westminster,www.tigertiger.co.uk,10014052022,E09000033,St James's,E05013806,51.509730999674204,-0.1328920001869351,529667.0346999997,180630.0764000006
Bar A Bar,133-135 Stoke Newington Road; Stoke Newington; Lon,Hackney,133-135 Stoke Newi,Hackney,www.barabar.info/,100000000000,E09000012,Stoke Newington,E05009385,51.556336999534324,-0.07470100036529488,533568.5303999996,185917.40530000068
Moustache Bar,58 Stoke Newington Road; Dalston; London N16 7XB; ,Hackney,58 Stoke Newington,Hackney,www.moustachebar.co.uk/,100000000000,E09000012,Shacklewell,E05009382,51.55232699957611,-0.07479800043974957,533573.5324999997,185471.30870000087
Printworks,"1 Surrey Quays Road, London, SE16 7PJ, United King",,1 Surrey Quays Roa,Southwark,http://www.printworksuk.com,200000000000,E09000028,Surrey Docks,E05011117,51.49752299928309,-0.0435159998161961,535905.1595999999,179434.5809000004
Ridley Road Market Bar,49 Ridley Road; London E8 2NP; United Kingdom,Hackney,49 Ridley Road,Hackney,www.ridleyroadmarketbar.com/,100000000000,E09000012,Dalston,E05009370,51.548192999563796,-0.07324300057191785,533693.4330000002,185014.44319999963
Studio 338,338 Boord Street; Greenwich; London SE10 0PF; Unit,Greenwich,338 Tunnel Avenue,Greenwich,www.studio338.co.uk/,100000000000,E09000011,Greenwich Peninsula,E05014082,51.49544199968423,0.00482000033192946,539266.4550000001,179293.99840000086
Loop Bar & Nightclub,"19 Dering Street, London, W1S 1AH, UK",City Of Westminster,19 Dering Street,Westminster,www.theloopbar.co.uk/,100000000000,E09000033,West End,E05013808,51.51416399906533,-0.14545799993727876,528782.5730999997,181100.86339999922
Tasty Bakery (Tasties),"207 Rye Lane, Peckham, London SE15 4TP",Southwark,207 Rye Lane,Southwark,,200000000000,E09000028,Rye Lane,E05011113,51.46771799976348,-0.06648800030037699,534398.2575000003,176077.8911000006
Trafik,331 Old St; Hoxton; London EC1 9LE; United Kingdom,Hackney,331 Old Street,Hackney,www.trafik-london.com,100000000000,E09000012,Hoxton East & Shoreditch,E05009377,51.52701099911234,-0.08055700066621253,533248.1527000004,182645.58300000057
The Lighthouse,Unit 1a 190 New North Road,Islington,Unit 1a 190 New No,Islington,,0,E09000019,St Mary's & St James',E05013710,51.537165959358774,-0.08970039700107116,532584.4342,183758.21969999932
Xoyo,32-37 Cowper Street; Shoreditch; London EC2A 4AP; ,Islington,32-37 Cowper Stree,Islington,www.xoyo.co.uk,5300025027,E09000019,Bunhill,E05013699,51.52551899985349,-0.08570400018228327,532895.4815999996,182470.30859999917
Basing House,25 Kingsland Road; Shoreditch; London E2 8AA; Unit,Hackney,25 Kingsland Road,Hackney,www.basinghouse.co.uk/,100000000000,E09000012,Hoxton East & Shoreditch,E05009377,51.52843999958529,-0.07820399963693273,533407.1890000002,182808.77840000018
Beduin,57-59 Charterhouse Street,Islington,57-59 Charterhouse,City of London,www.beduinbar.co.uk/smithfields,10010439992,E09000001,Farringdon Without,E05009305,51.5188109697336,-0.1019435454997261,531788.3658999996,181695.00520000048
McQueen,55-61 Tabernacle Street; Shoreditch; London EC2A 4,Islington,55-61 Tabernacle S,Islington,www.mcqueen-shoreditch.co.uk/,10008977886,E09000019,Bunhill,E05013699,51.52402499961302,-0.08586999968657034,532888.3151000002,182303.8719999995
Piccadilly Institute,The London Pavillion; Piccadilly; London W1V 9LA; ,Piccadilly,The London Pavilio,Westminster,www.piccadillyinstitute.com/,100000000000,E09000033,St James's,E05013806,51.51037799955412,-0.13398700002200314,529589.2165999999,180700.08579999954
The Big Chill Bar,The Old Truman Brewery,"14 Dray Walk, Shadwell",,Tower Hamlets,,6151992,E09000030,Spitalfields & Banglatown,E05009333,51.520377179297355,-0.07060968271367417,533957.5942000002,181926.05829999968
The Hoxton Pony,104-108 Curtain Rd,,104-108 Curtain Rd,Hackney,http://www.thehoxtonpony.com,10008241848,E09000012,Hoxton East & Shoreditch,E05009377,51.5249141695252,-0.07853501159646434,533394.5311000003,182416.09720000066
Junction House,"578 Kingsland Road, London, E8 4AH",Hackney,578 Kingsland Road,Hackney,,100000000000,E09000012,Dalston,E05009370,51.54558699977807,-0.07560299974535063,533537.4282,184720.3342000004
Nomad London,58 Old Street; Hoxton; London EC1V 9AJ; United Kin,Islington,58 Old Street,Islington,www.nomadlondon.com/,5300069544,E09000019,Bunhill,E05013699,51.52406599919094,-0.09580499968158838,532199.0236,182290.4341000002
Ladybird / Basement Club,70 Upper Street; Islington; London N1 0NY; United ,Islington,70 Upper Street,Islington,www.ladybirdbar.co.uk,10091816806,E09000019,St Mary's & St James',E05013710,51.53599099917978,-0.10401399929908581,531595.1979999999,183601.71969999932
Hootananny Brixton,"95 Effra Road, Brixton, London, SW2 1DF",Brixton,,Lambeth,https://www.hootanannybrixton.co.uk/,100000000000,E09000022,Herne Hill & Loughborough Junction,E05014104,51.455381999053124,-0.11325399978690177,531185.4563999996,174621.3696999997
Porky's Wine Bar,"23-27 Sternhold Avenue, Streatham Hill, SW2 4PA",Lambeth,23-27 Sternhold Av,Lambeth,,100000000000,E09000022,Streatham Hill West & Thornton,E05014114,51.43845999945429,-0.12768099941428382,530231.2467999998,172713.91459999979
Brixton Jamm Limited,261 Brixton Rd,,,Lambeth,,100000000000,E09000022,Brixton North,E05014096,51.47028116944066,-0.1102804358051933,531349.2982999999,176283.4846999999
The Steel Yard,13-16 Allhallows Lane,City Of London,13-16 Allhallows L,City of London,https://thesteelyard.london/,95510144,E09000001,Dowgate,E05009303,51.50948952963295,-0.08895602049365677,532716.4746000003,180681.91229999997
Montezuma London Club,17 Harrington Road,Kensington And Chelsea,17 Harrington Road,Kensington and Chelsea,www.montezumalondon.com,217036855,E09000020,Courtfield,E05009393,51.49347151990646,-0.17415560145002457,526848.8459000001,178749.76380000077
The London Reign,215-217 Piccadilly,City Of Westminster,215-217 Piccadilly,Westminster,,10033541003,E09000033,St James's,E05013806,51.50900893907503,-0.13338123166114105,529635.1355999997,180548.9166000001
Vuvu Club,30 East Street,,30 East Street,Bromley,,10070003296,E09000006,Bromley Town,E05013991,51.4066074594112,0.017983696298251032,540452.3970999997,169440.79609999992
Vision Video Bar,588 Kingsland Road,Hackney,588 Kingsland Road,Hackney,,10008291713,E09000012,Dalston,E05009370,51.545388169438795,-0.0738789085317035,533657.5522999996,184701.37490000017
The Lighthouse Bar And Club,62 Rivington Street,Hackney,62 Rivington Stree,Hackney,,10091889776,E09000012,Hoxton East & Shoreditch,E05009377,51.525643579310845,-0.07804292710866852,533426.5336999996,182498.1060000006
Trapeze Bar,89 Great Eastern Street,Hackney,89 Great Eastern S,Hackney,www.trapezebar.co.uk,10091904454,E09000012,Hoxton East & Shoreditch,E05009377,51.5251838792044,-0.0818253157290482,533165.5071,182440.0951000005
The Old Baths & Cre8 Galleries,80 Eastway,Hackney,80 Eastway,Hackney,,100000000000,E09000012,Hackney Wick,E05009374,51.5466654098265,-0.027882673133765558,536842.8923000004,184928.37710000016
Jazzlive At The Crypt,St. Giles Church Camberwell Church St,London,St. Giles Church C,Southwark,www.jazzlive.co.uk,0,E09000028,St Giles,E05011115,51.47254626929312,-0.08525854603421244,533080.5088,176580.5192000009
The Broadway Theatre,Old Town Hall Rushey Green,Lewisham,Old Town Hall Rush,Lewisham,www.broadwaytheatre.org.uk,10091912968,E09000023,Rushey Green,E05013730,51.444682959605444,-0.0197157256331551,537716.0681999996,173603.27180000022
The Broadway Theatre,Broadway Barking And Dagenham,,Broadway Barking A,Barking and Dagenham,www.thebroadwaybarking.com,100058301,E09000002,Abbey,E05014053,51.53515784906987,0.07964818558936546,544334.8620999996,183855.2893000003
Indigo At The O2,205 Peninsula Square,London,205 Peninsula Squa,Greenwich,indigo at The O2 | The O2,0,E09000011,Greenwich Peninsula,E05014082,51.50204517982557,0.00773155284478054,539448.3863000004,180033.8116999995
Troxy,"490 Commercial Road, London E1 0HX",Tower Hamlets,490 Commercial Roa,Tower Hamlets,www.troxy.co.uk,6027797,E09000030,Shadwell,E05009332,51.513146999033474,-0.04331999970911307,535872.2861000001,181172.3445999995
Tobacco Dock,50 Porters Walk; London; E1W 2SF,Tower Hamlets,50 Porters Walk,Tower Hamlets,www.tobaccodocklondon.com,6009847,E09000030,St Katharine's & Wapping,E05009330,51.508323999405796,-0.058460000306441925,534836.0400999999,180608.0371000003
Shoreditch Town Hall,380 Old Street; Shoreditch; London EC1V 9LT; Unite,Hackney,380 Old Street,Hackney,www.shoreditchtownhall.com,10091784164,E09000012,Hoxton East & Shoreditch,E05009377,51.527124999348494,-0.0795200003524757,533319.7496999996,182660.1492999997
Scream Lounge,"20 South End Croydon, Surrey CR0 1DN",Croydon,20 South End,Croydon,http://www.screamstudios.net,100000000000,E09000008,Fairfield,E05011468,51.36661599968032,-0.09921799944980579,532416.6173,164775.78470000066
The House Of St. Barnabas,House Of St. Barnabas In Soho 1,Greek Street,House Of St. Barna,Camden,,10033599927,E09000007,Holborn & Covent Garden,E05013662,51.51439833984218,-0.12957174599255816,529884.1572000002,181154.9718999993
The Others,6-8 Manor Rd Stoke Newington,London,6-8 Manor Rd Stoke,Hackney,www.theothers.uk.com,0,E09000012,Cazenove,E05009368,51.565349509648094,-0.07306416240185448,533655.6167000001,186922.60590000078
The Vaults,Arch 236 Leake Street,Lambeth,Arch 236 Leake Str,Lambeth,,10091121720,E09000022,Waterloo & South Bank,E05014118,51.50146320955128,-0.11370273732669275,531022.2949999999,179744.8337999992
Bourne & Hollingsworth Bar,28 Rathbone Pl,,,Camden,,5143602,E09000007,Bloomsbury,E05013653,51.51740625947485,-0.1326486712169233,529662.1298000002,181484.0044999998
Conway Hall,"25 Red Lion Square, London WC1",,,Camden,www.conwayhall.org.uk,5048256,E09000007,Holborn & Covent Garden,E05013662,51.51974799919274,-0.11835600015026329,530647.0417999998,181769.80409999937
Station,14 Staplehurst Rd Hither Green,London,14 Staplehurst Rd ,Lewisham,www.stationhotelhithergreen.co.uk,0,E09000023,Lee Green,E05013726,51.452549729067826,0.00162697959565287,539175.2544999998,174518.33559999987
Upstairs At The Ritzy,Brixton Oval; Coldharbour Lane; London SW2 1JG; Un,Chaplin House,Brixton Rd London,Lambeth,www.picturehouses.com/cinema/Ritzy_Picturehouse/Whats_On?filter=Upstairs,100000000000,E09000022,Brixton Windrush,E05014098,51.46127199933049,-0.11464100055755386,531072.2369999997,175273.8541000001
St. James's Piccadilly,197 Piccadilly,City Of Westminster,197 Piccadilly,Westminster,www.sjp.org.uk,100000000000,E09000033,St James's,E05013806,51.50836098953818,-0.13505072324701817,529521.1237000003,180473.91080000065
The Round Chapel,1d Glenarm Road,Hackney,1d Glenarm Road,Hackney,,10008322921,E09000012,Homerton,E05009376,51.551677279821185,-0.0500841811269721,535288.7494000001,185444.4791000001
The Passage,27 Dalston Lane,Hackney,27 Dalston Lane,Hackney,,100000000000,E09000012,Dalston,E05009370,51.54590274930233,-0.07126079981079997,533837.5750000002,184763.38859999925
St. Stephen Walbrook,39 Walbrook,City Of London,39 Walbrook,City of London,www.ststephenwalbrook.net,200000000000,E09000001,Candlewick,E05009296,51.512207569608876,-0.08852515544886518,532738.4746000003,180984.94170000032
St. Bartholomews Church,4 Westwood Hill,Lewisham,4 Westwood Hill,Lewisham,www.stbartschurchsydenham.org,100000000000,E09000023,Sydenham,E05013731,51.42697789970616,-0.0553839307209132,535289.7493000003,171568.07660000026
St. Andrew Holborn Church,5 St. Andrew Street,City Of London,5 St. Andrew Stree,City of London,www.standrewholborn.org.uk,10091906423,E09000001,Farringdon Within,E05009304,51.516520099326634,-0.10487854247442019,531591.3453000002,181434.98340000026
St. Martin-In-The-Fields,5 St. Martin's Place,City Of Westminster,5 St. Martin's Pla,Westminster,www.stmartin-in-the-fields.org,100000000000,E09000033,St James's,E05013806,51.50863991946825,-0.1249074077238033,530224.2004000004,180522.9110000003
St. Giles-In-The-Fields,60 St Giles High St London,,60 St Giles High S,Camden,www.stgilesonline.org,0,E09000007,Holborn & Covent Garden,E05013662,51.51477661969657,-0.12678869271717466,530076.1777999997,181201.97550000064
St. Anne And St. Agnes Church,Gresham Centre Gresham St,London,Gresham Centre Gre,City of London,www.greshamcentre.com,0,E09000001,Bassishaw,E05009290,51.51598612957875,-0.09468062756403788,532300.4241000004,181393.97780000046
The Old Church,Hackney ,,Hackney ,Hackney,,10008252145,E09000012,Clissold,E05009369,51.56049122958308,-0.08228763475586244,533030.5210999995,186365.52859999985
St. Magnus The Martyr,Lower Thames Street City Of London,,Lower Thames Stree,City of London,www.stmagnusmartyr.org.uk,200000000000,E09000001,Billingsgate,E05009291,51.50860969961776,-0.08133981429525952,533247.5329,180597.90719999932
St Stephen's Church,Richmond Road East Twickenham Middlesex Tw1 2pd ,,Richmond Road East,Richmond upon Thames,https://www.st-stephens.org.uk/,0,E09000027,Twickenham Riverside,E05013789,51.45238369957018,-0.3113133708700991,517433.18340000045,173952.21580000035
St. Mary's Church,St. Marys Church Office Upper Street,Islington,St. Marys Church O,Islington,www.stmaryislington.org,5300095124,E09000019,St Mary's & St James',E05013710,51.53789731904365,-0.10039952842292535,531840.3553999998,183820.2115000002
Fold,"Gillian House, Stephenson St, London E16 4SA, UK",Stephenson Street,Gillian House,Newham,https://www.fold.london,,E09000025,Canning Town North,E05013906,51.51903199927572,0.003757999562616473,539120.8391000004,181915.11820000038
Building Six,The O2; Greenwich; London SE10 0AX; United Kingdom,,,Greenwich,,,E09000011,Greenwich Peninsula,E05014082,51.50252499951581,0.003664000701822033,539164.6257999996,180079.42909999937
Queen Elizabeth Hall,"Southbank Centre, Belvedere Rd, London, SE1 8XX; U",London, Belvedere Road,Lambeth,https://www.southbankcentre.co.uk/venues/queen-elizabeth-hall?,,E09000022,Waterloo & South Bank,E05014118,51.50608099986778,-0.11630400052251579,530828.5371000003,180253.68630000018
Old Cholmeley Boys Club,"68 Boleyn Rd, London N16 8JG",,,Hackney,,,E09000012,Dalston,E05009370,51.548899999188976,-0.07719899978324532,533417.0880000005,185085.83559999987
Old Street Records,"350-354 Old Street, London, EC1V 9NQ, United Kingd",,,Hackney,https://www.oldstreetrecords.com/,,E09000012,Hoxton East & Shoreditch,E05009377,51.52678699990143,-0.08064800021786526,533242.4944000002,182620.5081999991
Bermondsey Social Club,"Arch 19 Almond Road, Bermondsey, London, SE16 3LR",Bermondsey,,Southwark,https://www.bermondseysocialclub.co.uk/,,E09000028,South Bermondsey,E05011116,51.49172199935401,-0.0595669994189716,534808.1946999999,178759.84029999934
Venn Street Records,"78 Vemm Street, Clapham, London, SW4 0BD",,,Lambeth,https://www.vennstreetrecords.com,,E09000022,Clapham Town,E05014102,51.46252499927524,-0.13803000000193918,529443.9896999998,175371.61849999987
Masons Arms,665 Harrow Road; Kensal Green; London NW10 5NU; Un,,,Brent,www.themasonsarmsnw10.co.uk,202001640,E09000005,Queens Park,E05013507,51.53003199955487,-0.22729899942006118,523061.3141999999,182724.7148000002
Pickle Factory,13-14 The Oval,,13-14 The Oval,Tower Hamlets,www.ovalspace.co.uk,,E09000030,St Peter's,E05009331,51.532097669876904,-0.0577047947003537,534818.2320999997,183253.12099999934
Earth Hackney,11-17 Stoke Newington Rd,,11-17 Stoke Newing,Hackney,https://www.earthackney.co.uk,,E09000012,Shacklewell,E05009382,51.551103999602326,-0.0752909996333303,533542.9298999999,185334.40819999948
Map Studio Cafe,46 Grafton Road; London NW5 3DU; United Kingdom,,,Camden,http://www.mapmusic.net,5029686,E09000007,Kentish Town South,E05013664,51.54772099937944,-0.14504399931892037,528716.6487999996,184833.17490000091
Alchemy,28-30 St. Georges Walk,Croydon,,Croydon,N/A,,E09000008,Fairfield,E05011468,51.372930999586124,-0.09812900057648566,532474.2191000003,165479.96890000068
Space 289 (Formerly Redon),289 Cambridge Heath Rd,,,Tower Hamlets,https://www.space289.com/,,E09000030,St Peter's,E05009331,51.53211399914905,-0.05722999950799593,534851.1135,183255.8125
Paper Dress Vintage,"352A Mare Street, Hackney E8 1HR",,352 Mare Street,Hackney,www.paperdressvintage.co.uk,,E09000012,Hackney Central,E05009372,51.547291999321324,-0.05463900023247195,534985.9446999999,184948.42420000024
Kansas Smitty's (Looking For A New Home),63-65 Broadway Market,,,Hackney,https://www.kansassmittys.com,0,E09000012,London Fields,E05009381,51.5368171390732,-0.05980619812738141,534658.5620999997,183774.07499999925
Eastcheap Records,"20 Eastcheap, London, EC3M 1EB, United Kingdom",,,City of London,https://www.eastcheaprecords.com,,E09000001,Billingsgate,E05009291,51.51050199984579,-0.08377399949721417,533073.1086999997,180803.90430000052
Boston Music Room,2a Dartmouth Park Hill,,,Islington,https://www.bostonmusicroom.co.uk/,5300053516,E09000019,Tufnell Park,E05013713,51.55680174956014,-0.13684962360753616,529259.0596000003,185857.40350000001
Jam In A Jar,"599A Green Lanes, Harringay, London N8 0RE, United",Harringay,,Haringey,https://www.jaminajar.co.uk,,E09000014,Harringay,E05013590,51.584471999353674,-0.10042100034305321,531704.3937999997,188999.42769999988
Fox And Firkin (The),316 Lewisham High Street,,,Lewisham,https://foxfirkin.com/,100000000000,E09000023,Ladywell,E05013725,51.45646491913831,-0.012813853563665623,538160.1396000003,174926.39970000088
The Guitar Social - King's Cross,26 Caledonian Rd,,,Islington,,,E09000019,Caledonian,E05013700,51.531812629135416,-0.12065493124757332,530453.0805000002,183107.3015999999
Buster Mantis,"3-4 Resolution Way, SE8 4NT London",,,Lewisham,www.bustermantis.com,,E09000023,Deptford,E05013719,51.47854399903429,-0.024755999979362335,537264.2449000003,177359.1314000003
Scenario,97 Stoke Newington Road; London N16 8BX; United Ki,,,Hackney,http://www.barscenario.co.uk,10008306167,E09000012,Shacklewell,E05009382,51.55439599964691,-0.07494100054505026,533557.5691,185701.12399999984
The Birds,"692 High Road Leytonstone, Leytonstone, London E11",,,Waltham Forest,http://www.bird.org.uk,100000000000,E09000031,Leytonstone,E05013897,51.56911599983521,0.012237999353608453,539555.9638,187500.68249999918
T-Bird,132 Blackstock Road; London N4 2DX,,,Islington,http://www.tbirdbar.co.uk,10012787505,E09000019,Arsenal,E05013697,51.56137799912711,-0.099456999853248,531837.8806999996,186433.03009999916
Quaglinos,"16 Bury Street, St James's, London, SW1Y 6AJ, UK",,,Westminster,http://www.danddlondon.com,100000000000,E09000033,St James's,E05013806,51.507219999594504,-0.1385829994899656,529279.2379999999,180340.79199999943
Putney Pies & Vaults,"2 Putney High Street, SW15 1SL",,,Wandsworth,,100000000000,E09000032,Thamesfield,E05014022,51.466004999257706,-0.21454999993423066,524119.3025000002,175626.28429999948
Tia Maria Restaurant & Music Bar,"126 South Lambeth Road, Vauxhall, London, SW8 1RB",,,Lambeth,,100000000000,E09000022,Oval,E05014108,51.480930999280794,-0.12486499960886448,530306.0862999996,177441.72529999912
The George & Dragon,2 Blackheath Hill,,,Greenwich,http://www.georgedragon.com/,,E09000011,Greenwich Park,E05014081,51.47336229951232,-0.016543764805715788,537850.1086999997,176798.35510000028
W London,"10 Wardour Street, Leicester Square, London, W1D 6",,,Westminster,http://www.westrockshotel.co.uk,10033615454,E09000033,St James's,E05013806,51.51026599966358,-0.1315809993169212,529756.4862000002,180691.89039999992
Union Bar,"Building 5, Chiswick Park, 566 Chiswick High Road,",,,Hounslow,www.faucetinn.com,100000000000,E09000018,Chiswick Gunnersbury,E05013609,51.49612799962925,-0.27292000065223476,519986.03610000014,178878.8423999995
Village Soho,81 Wardour Street,,,Westminster,,10033570802,E09000033,St James's,E05013806,51.51190631982394,-0.1317781981493624,529738.1437999997,180873.9464999996
Colour Factory,"8 Queen's Yard, Hackney Wick, London E9 5EN",Hackney Wick,,Tower Hamlets,https://www.colourfactory.com,,E09000030,Bow East,E05009319,51.54318299919681,-0.022663999491592923,537215.1920999996,184550.88719999976
Mascara Bar,72 Stamford Hill; Stoke Newington; London N16 6XS,,,Hackney,http://www.mascarabar.co.uk,10091817946,E09000012,Cazenove,E05009368,51.56704099949273,-0.07295499979215109,533658.2307000002,187110.90249999985
Press,"47 Whitcomb Street, London, WC2H 7DH",,,Westminster,http://www.sgul.ac.uk,100000000000,E09000033,St James's,E05013806,51.509823999070804,-0.13151600016857015,529762.2520000003,180642.85459999926
Thirst,"53 Greek St, Soho, London W1D 3DR, UK",,,Westminster,,10033593423,E09000033,West End,E05013808,51.51428399970069,-0.13122699945403424,529769.6348000001,181139.3234000001
Tramp,"40 Jermyn St, St. James's, London SW1Y 6DN",,,Westminster,www.tramp.co.uk/exclusive-hire.php,,E09000033,St James's,E05013806,51.508116999668,-0.137622999412561,529343.3172000004,180442.23399999924
Vout-O-Reenee's,"The Crypt, 30 Prescot St, London E1 8BB, United Ki",,,Tower Hamlets,www.vout-o-reenees.com,6086724,E09000030,Whitechapel,E05009336,51.511389999566084,-0.07196700026596901,533889.7768999999,180924.1886
E1,"110 Pennington Street, Wapping, London E1W 2BB",,110 Pennington Str,Tower Hamlets,https://e1ldn.co/our-story,,E09000030,St Katharine's & Wapping,E05009330,51.50905799943531,-0.061663999435507946,534611.5455,180683.76319999993
Mannequin Magazine,"378 Kingsland Road, London, E8 4AA",,,Hackney,,100000000000,E09000012,London Fields,E05009381,51.54115999927334,-0.07630699993270064,533501.5586999999,184226.74799999967
Floripa,"91-93 Great Eastern Street, Shoreditch, London EC2",,,Hackney,www.floripalondon.com,,E09000012,Hoxton East & Shoreditch,E05009377,51.525827999118036,-0.08338599999560078,533055.3711000001,182508.88269999996
Soda Room,"Downstairs, The Botanist, Broadgate Circle, London",,,City of London,,,E09000001,Bishopsgate,E05009292,51.518971999445974,-0.08328099954358145,533082.6350999996,181746.67620000057
Pryzm Kingston,"154 Clarence Street Kingston Upon Thames KT1 1QP, ",Kingston,154 Clarence Stree,Kingston upon Thames,https://www.pryzm.co.uk/club/kingston-upon-thames/,,E09000021,Kingston Town,E05013938,51.411523999843745,-0.2998590004677552,518334.5236999998,169426.82410000078
Hoxton Basement,"12-18 Hoxton St, N1 6NG (Basement Entrance on Drys",,,Hackney,,,E09000012,Hoxton East & Shoreditch,E05009377,51.52798499907651,-0.07914700017780654,533343.1102999998,182756.46240000054
Addictive Bar,28 Park Royal Road London NW10 7JW,,,Ealing,,12141434,E09000009,North Acton,E05013527,51.526757999300045,-0.267182999293451,520303.57930000033,182294.40110000037
La Pollera Colora,"4-6 London Bridge Street, London, SE1 9SG",,,Southwark,,,E09000028,London Bridge & West Bermondsey,E05011104,51.50506899901928,-0.08749199950868572,532830.9153000005,180192.99929999933
Peckham Audio,"133a Rye Lane, Peckham, London, SE15 4BQ",Peckham,,Southwark,https://www.peckhamaudio.co.uk/,,E09000028,Rye Lane,E05011113,51.46979799914263,-0.06826399938150407,534268.8038999997,176305.9277999997
Le Fez,"200b Upper Richmond Rd, Putney, London SW15 2SH, U",,200 Upper Richmond,Wandsworth,Home | Le Fez,,E09000032,East Putney,E05014011,51.46083299908773,-0.2166090000539144,523990.2904000003,175047.66999999993
Scotch,"13 Masons Yard, St James, London SW1A 1PL",,,Westminster,,,E09000033,St James's,E05013806,51.507768999643126,-0.13702099954402122,529386.0773999998,180404.5990999993
Bar Rumba,36 Shaftesbury Avenue; Soho; London W1D 7EP; Unite,,36 Shaftesbury Ave,Westminster,https://barrumbalondon.com/,,E09000033,St James's,E05013806,51.511137999460836,-0.13350399946522254,529620.5752999997,180785.4531999994
Night Tales Loft,"207, 1 Westgate St, Hackney, London E8 3RL",,,Hackney,,,E09000012,London Fields,E05009381,51.53758399904569,-0.05772300025639439,534800.7635000004,183863.19079999998
Rolling Stock,"48 Kingsland Road, Shoreditch E2 8AA",,,Hackney,,,E09000012,Hoxton East & Shoreditch,E05009377,51.52906699930314,-0.07780599964829871,533432.9621000001,182879.2276000008
Total Refreshment Centre,"Unit 2, Farleigh Place, N16 7SX",,2A Foulden Road,Hackney,www.totalrefreshment.net,,E09000012,Stoke Newington,E05009385,51.555350999327324,-0.07354700067094061,533651.4112999998,185809.86950000003
Hackney Showroom,"Hackney Downs Studio, Amhurst Terrace London, Engl",,,Hackney,www.hackneyshowroom.com,,E09000012,Shacklewell,E05009382,51.5547309997212,-0.0668649995222664,534116.4400000004,185753.16229999997
East Wintergarden,"43 Bank Street, Canary Wharf, London E14 5NX, Unit",,,Tower Hamlets,www.canarywharf.com/east-wintergarden,,E09000030,Canary Wharf,E05009323,51.502595999756956,-0.017539000464606342,537692.8919000002,180047.2382999994
The Dutch Master,"Tower Millennium Pier, Lower Thames St, London EC3",,,Tower Hamlets,http://www.dutchmasters.org.uk,,E09000030,St Katharine's & Wapping,E05009330,51.50732599942312,-0.07888900014976877,533421.3474000003,180459.62370000035
House Of Vans,Arches 228 - 232 Station Approach Road; London SE1,,,Lambeth,,,E09000022,Waterloo & South Bank,E05014118,51.50379299980419,-0.11386300060496654,531004.4927000003,180003.62140000053
Love Vinyl Records,5 Pearson Street E2 8JD,,,Hackney,www.lovevinyl.london,,E09000012,Haggerston,E05009375,51.53284699960459,-0.07604300000334609,533544.1840000004,183302.79399999976
The Greenwich Pensioner,"28 Bazely St, Poplar, London E14 0ES",,,Tower Hamlets,,6153306,E09000030,Poplar,E05009328,51.50971099940209,-0.010814999733409077,538138.0213000001,180851.06829999946
Porchester Hall,"Porchester Road, Bayswater, London, W2 5HS",,,Westminster,www.everyoneevents.com,,E09000033,Bayswater,E05013793,51.51745199986061,-0.188384000703519,525795.1325000003,181391.90029999986
Canvas One,"148-150 Curtain Road, EC2A 3AR",,,Hackney,www.blankcanvas.co.uk/london-venues/canvas-one,,E09000012,Hoxton East & Shoreditch,E05009377,51.52675599918949,-0.08010899993751386,533279.9720000001,182618.0427000001
Sugahill Cafe,"250 Kirkdale, London SE26 4NL",,,Lewisham,,100000000000,E09000023,Sydenham,E05013731,51.427326999235525,-0.05644399949403881,535215.0275999997,171604.93999999948
Subterania,"12 Acklam Rd, London W10 5QS",,,Kensington and Chelsea,https://subterania.net/,,E09000020,Golborne,E05009396,51.519753999060775,-0.20580500060518764,524580.1926999995,181618.1132999994
Hippodrome,"Cranbourn St, Leicester Square, London WC2H 7JH",,,Westminster,,10033600458,E09000033,St James's,E05013806,51.511351999887886,-0.12839999929566895,529974.125,180818.29419999942
8 Northumberland,"8 Northumberland Avenue, WC2N 5BY",,,Westminster,,10091861562,E09000033,St James's,E05013806,51.50693499970127,-0.1260119994527292,530152.4073999999,180331.3593000006
100 Shoreditch,100 Shoreditch High Street,,,Hackney,,,E09000012,Hoxton East & Shoreditch,E05009377,51.52555634950474,-0.07729563237717187,533478.6251999997,182489.76909999922
Bistrotheque,23-27 Wadeson St,,,Tower Hamlets,,,E09000030,St Peter's,E05009331,51.53427575979089,-0.055966933302451435,534932.3229999999,183498.53920000046
Guest Projects,"Sunbury House, 1 Andrews Road, E8 4QL Londres",Andrews Road,Sunbury House 1,Hackney,http://www.guestprojects.com,100000000000,E09000012,London Fields,E05009381,51.53564199964332,-0.0616429996552573,534534.6470999997,183640.01329999976
The Lower Third (formerly 12 Bar Club),26 Denmark Place; Soho; London WC2H 8NL; United Ki,,,Camden,http://www.12barclub.com,5300047855,E09000007,Holborn & Covent Garden,E05013662,51.51559699951312,-0.1292479994923388,529903.2106999997,181288.83819999918
HERE London,"141 Charing Cross Rd, London, W1 4DG",,,Camden,https://hereldn.com,,E09000007,Holborn & Covent Garden,E05013662,51.515684669561324,-0.12997051526673215,529852.8321000002,181297.3060999997
Gremio De Brixton,"St. Matthew's Church Brixton, Effra Rd, London, SW",,Lambeth ,Lambeth,,10090196516,E09000022,Brixton Acre Lane,E05014095,51.453128999900066,-0.12071800064581523,530673.3299000002,174357.50019999966
Salt Lounge,269 West End Lane,,,Camden,,5163150,E09000007,West Hampstead,E05013671,51.55052799948922,-0.1915859996901026,525482.0186000001,185064.53309999965
Three Crowns,175 Stoke Newington High Street; Stoke Newington; ,Hackney,175 Stoke Newingto,Hackney,http://www.threecrownsn16.com,100000000000,E09000012,Stoke Newington,E05009385,51.56258399934366,-0.07379300050970382,533613.1953999996,186613.74310000055
Electric Ballroom,184 Camden High St; Camden Town; London NW1 8QP; U,London,184 Camden High St,Camden,https://www.electricballroom.co.uk/,5021260,E09000007,Camden Town,E05013655,51.53968099989632,-0.14306300057045473,528876.7017999999,183942.5998999998
Electrowerkz,7 Torrens Street; Islington; London EC1V 1NQ; Unit,Islington,7 Torrens Street,Islington,https://www.electrowerkz.co.uk,5300092109,E09000019,St Peter's & Canalside,E05013711,51.53252799921451,-0.1051920006365316,531523.4813000001,183214.51219999976
New River Studios,"199 Eade Road, London, N4 1DN",,,Haringey,https://newriverstudios.com/,,E09000014,Hermitage & Gardens,E05013591,51.57492699922095,-0.08816200068272602,532581.4145999998,187960.14699999988
Islington Assembly Hall,"Upper Street, London, N1 2UD",Islington,Town Hall Upper St,Islington,www.islingtonassemblyhall.co.uk,10091816915,E09000019,St Mary's & St James',E05013710,51.539662999826064,-0.1024989994544641,531689.6673999997,184012.77789999917
Tchances Arts & Music Centre,399 High Road,,399 High Road,Haringey,www.t-chances.com,100000000000,E09000014,Tottenham Hale,E05013602,51.589336459092415,-0.06930591441517842,533845.7109000003,189596.89829999954
Blues Kitchen Shoreditch (The),134-146 Curtain Road,,,Hackney,https://www.theblueskitchen.com/shoreditch/,,E09000012,Hoxton East & Shoreditch,E05009377,51.526290020128606,-0.07999001173345587,533289.5859000003,182566.44189999998
The Drumsheds,"Meridian Water, Argon Road, Enfield, N18 3BW",Argon Road,Meridian Water,Enfield,https://thedrumshedslondon.co.uk/,,E09000010,Upper Edmonton,E05013694,51.60921998381799,-0.04292003739263696,535614.2423,191856.6741000004
Paradise London,65 Albert Embankment,,65 Albert Embankme,Lambeth,,,E09000022,Vauxhall,E05014117,51.487899981897,-0.12322001180501854,530400.4479,178219.61250000075
Gigis Hoxton Underbelly,11 Hoxton Square,,,Hackney,https://www.gigishoxton.com,,E09000012,Hoxton East & Shoreditch,E05009377,51.527790003023426,-0.08159003150614162,533174.2257000003,182730.32840000093
Piano Works West End (Formerly Studio 88),47 Whitcomb Street,,,Islington,https://pianoworks.bar/venues/tpw-west-end/,,E09000019,Clerkenwell,E05013702,51.52303000458546,-0.1081100383605479,531348.4199000001,182153.08850000054
Effra Hall Tavern,38 Kellet Road London,,,Lambeth,https://theeffra.com/,,E09000022,Brixton Windrush,E05014098,51.45982999323671,-0.1139200389604443,531126.4477000004,175114.7932999991
Blues Kitchen Brixton (The),40 Ace Lane,Brixton,,Lambeth,https://theblueskitchen.com/brixton/,,E09000022,Brixton Acre Lane,E05014095,51.46036999754472,-0.1203799704082884,530676.1541999998,175163.30169999972
The Garage,20-26 Highbury Corner,Islington,20-26 Highbury Cor,Islington,www.thegarage.london,10008978416,E09000019,Highbury,E05013704,51.546589983487806,-0.10381003787479834,531578.7763999999,184780.71609999985
The Beehive,365 Footscray Road,,,Greenwich,,,E09000011,Eltham Town & Avery Hill,E05014079,51.44875500040754,0.0743854306915246,544242.2110000001,174237.01700000092
Olympia,Hammersmith Rd,London,Hammersmith Rd,Kensington and Chelsea,Olympia London |,,E09000020,Holland,E05009397,51.49914465029158,-0.20845000029075827,524452.8244000003,179321.81489999965
Twickenham Stoop,Langhorn Dr,Twickenham,Langhorn Dr,Richmond upon Thames,Stadium | Your Club | Harlequins Rugby Union,,E09000027,St Margarets & North Twickenham,E05013785,51.45086001634804,-0.3429400354685403,515239.6573999999,173732.56980000064
Twickenham Stadium,200 Whitton Rd,Twickenham,200 Whitton Rd,Richmond upon Thames,Twickenham Stadium - The Official Home of England Rugby,,E09000027,St Margarets & North Twickenham,E05013785,51.45470001761507,-0.33999002570513315,515434.94290000014,174164.24400000088
"Amaryllis Fleming Concert Hall, Royal College Of Musi",Prince Consort Road,London,Prince Consort Roa,Westminster,www.rcm.ac.uk,,E09000033,Knightsbridge & Belgravia,E05013797,51.49890001464451,-0.17688003367024718,526644.6859999998,179348.7076999992
The Duke's Hall,Marylebone Rd,London,Marylebone Rd,Westminster,www.ram.ac.uk,,E09000033,Regent's Park,E05013805,51.523310002738924,-0.15169995795664637,528323.7791999998,182106.9570000004
Wigmore Hall,36 Wigmore St,London,36 Wigmore St,Westminster,Wigmore Hall (wigmore-hall.org.uk),,E09000033,Marylebone,E05013801,51.51651001546208,-0.1482700007087647,528580.8605000004,181356.80360000022
Recital Hall ,Prince Consort Road,London,Prince Consort Roa,Westminster,Recital Hall | Performances | Rehearsals | Screenings | Presentations (rcm.ac.uk),,E09000033,Knightsbridge & Belgravia,E05013797,51.49890001464451,-0.17688003367024718,526644.6859999998,179348.7076999992
606 Club (The),90 Lots Road,,,Kensington and Chelsea,https://www.606club.co.uk,,E09000020,Chelsea Riverside,E05009391,51.47861999982599,-0.18110996117735814,526407.1262999997,177086.22729999945
Linbury Theatre,"35-36 Bow St, London WC2E 9DD, United Kingdom",London,Bow St,Westminster,Linbury Theatre — Venues — Royal Opera House (roh.org.uk),,E09000033,St James's,E05013806,51.51326001667201,-0.12279999442486433,530357.2536000004,181040.4182999991
The Grosvenor Chapel,24 South Audley Street,,,Westminster,,,E09000033,West End,E05013808,51.50914001746838,-0.15126996684415636,528393.4356000004,180531.98760000058
Aces & Eights,156-158 Fortess Road,Tufnell Park,,Camden,http://www.acesandeightssaloonbar.com/,,E09000007,Kentish Town North,E05013663,51.55623001077011,-0.13880004217069167,529125.4767000005,185790.3839999996
Slim Jim's Liquor Store,112 Upper St,,112 Upper St,Islington,www.slimjimsliquorstore.com,,E09000019,St Mary's & St James',E05013710,51.53786999690751,-0.10270999677886164,531680.2094999999,183813.01270000078
Nightjar,129 City Road,,,Hackney,https://www.barnightjar.com,,E09000012,Hoxton West,E05009378,51.526690004241885,-0.08773002782111955,532751.5395999998,182596.8479999993
Stanley Arts (Formerly Stanley Halls),12 S Norwood Hill,,,Croydon,https://stanleyarts.org/,,E09000008,South Norwood,E05011485,51.4002399841611,-0.0757099596496185,533954.8344,168557.46990000084
Engine Rooms (The),Unit 30 Bow Triangle Business Centre,,,Tower Hamlets,https://www.engineroomsstudios.com,,E09000030,Bromley North,E05009321,51.52419001803052,-0.023140003549125533,537239.2691000002,182437.9514000006
Jago Dalston (The),440 Kingsland Rd,Dalston,,Hackney,https://www.thejagodalston.com,,E09000012,London Fields,E05009381,51.54156000353241,-0.07615998356264492,533510.5835999995,184271.49870000035
Colours,2-4 Hoxton Square,,,Hackney,https://colourshoxton.com/,,E09000012,Hoxton East & Shoreditch,E05009377,51.527790003023426,-0.08159003150614162,533174.2257000003,182730.32840000093
Devonshire Arms (The Dev),33 Kentish Town Road,Camden,,Camden,https://www.thedevnw1.co.uk/,,E09000007,Camden Town,E05013655,51.54103999044288,-0.14275998838406548,528893.8761999998,184094.25469999947
Camden Chapel (The),"Top Floor, The London Irish Centre",50-52 Camden Square,,Camden,N/A,,E09000007,Camden Square,E05013654,51.543580000247744,-0.1321500074783839,529622.3919000002,184395.43400000036
Hampstead Jazz Club,23-25 New End,Hampstead,,Camden,https://www.hampsteadjazzclub.com,,E09000007,Hampstead Town,E05013659,51.558790011173336,-0.17774999118850526,526418.3711000001,186007.10280000046
Fiddler (The),229 Kilburn High Road,,,Brent,https://www.thefiddlerlive.com,,E09000005,Kilburn,E05013503,51.542230011338525,-0.19846997232248403,525027.4918999998,184129.9991999995
Trinity,378-380 Station Rd,Harrow,,Harrow,http://www.trinity-bar.com/,,E09000015,Greenhill,E05013546,51.57963999504354,-0.3338999854723349,515541.7176000001,188067.7452000007
Music Room London,116-118 New Cross Road,,,Lewisham,https://www.musicroomlondon.com,,E09000023,Telegraph Hill,E05013732,51.47605999820307,-0.0480400405024353,535654.8294000002,177039.52690000087
Aaja Music (Formerly Aaja Deptford),"Arch 2, Deptford Market Yard",,,Lewisham,https://www.aajamusic.com/,,E09000023,Deptford,E05013719,51.47816000059563,-0.026090014933902755,537172.7654999997,177313.9319000002
Mycenae House,90 Mycenae Road,Blackheath,,Greenwich,https://www.mycenaehouse.co.uk,,E09000011,Blackheath Westcombe,E05014073,51.480249986432135,0.017039989996042077,540161.2778000003,177627.94889999926
Tola Peckham,Peckham High Street,,,Southwark,https://www.tolapeckham.com,,E09000028,Rye Lane,E05011113,51.47330997928204,-0.07083001489248641,534080.3005999997,176691.75620000064
Sound Lounge (The),216-220 High St,Sutton,,Sutton,https://www.thesoundlounge.org.uk/,,E09000029,Sutton Central,E05013765,51.36629998249537,-0.1943200078374392,525797.5421000002,164573.43329999968
Piano Bar Soho,16 Carlisle Street,,,Westminster,https://www.pianobarsoho.com,,E09000033,West End,E05013808,51.514909994770484,-0.1338600000026912,529585.1715000002,181204.27339999937
Queen's Head (The),144 Stockwell Road,,,Lambeth,https://www.queensheadbrixton.co.uk,,E09000022,Brixton North,E05014096,51.467169984152136,-0.11776003965971885,530838.7209000001,175924.13690000027
Bach Club,A08a Riverside,Bendon Valley,,Wandsworth,https://bach.club/,,E09000032,Wandle,E05014026,51.446580006677735,-0.19290002980640322,525676.3271000003,173503.0792999994
Hoxton Cabin Ltd,"132 Kingsland Rd, London E2 8DP",,,Hackney,,,E09000012,Haggerston,E05009375,51.529729995330804,-0.07740000366182125,533459.1836999999,182953.69490000047
Aaja Deptford Limited,30 Deptford Church Street,,,Lewisham,,,E09000023,Deptford,E05013719,51.47615999453248,-0.022770027318634065,537409.3114999998,177097.75699999928
Night Owl Nightlife Limited,32 Engel Park,,,Barnet,,,E09000003,Mill Hill,E05013645,51.612549987726354,-0.21759998927199542,523510.32070000004,191917.3652999997
Cavendish Arms (The),128 Hartington Rd,Stockwell,,Lambeth,https://www.thecavendisharmsstockwell.co.uk/,,E09000022,Stockwell West & Larkhall,E05014111,51.47646999958266,-0.12746997209236993,530137.8887999998,176941.0259000007
Hemmingford Arms,"158 Hemingford Road, Islington, London, N1 1DF",,,Islington,,,E09000019,Barnsbury,E05013698,51.54315000826763,-0.11321000773396583,530936.9100000001,184381.31680000015
The Libertine,125 Great Suffolk Street,,,Southwark,,,E09000028,Borough & Bankside,E05011095,51.50064998783234,-0.09789995967954371,532121.4051000001,179682.78380000032
The Thirsty Scholar,1 Park Crescent,Marylebone,,Westminster,,,E09000033,West End,E05013808,51.52363999735994,-0.14509996422607785,528780.6907000002,182155.23699999973
Made In Brasil Boteco,48 Chalk Farm Road,,,Camden,,,E09000007,Haverstock,E05013660,51.54282998729477,-0.1483099820464462,528503.9807000002,184283.55140000023
North Pole Bar & Piano Restaurant,131 Greenwich High Road,,,Greenwich,,,E09000011,Greenwich Park,E05014081,51.477379980629514,-0.014819959143098471,537957.6964999996,177248.36280000024
West Five Bar,"Popes Ln, S Ealing Rd, London W5 4NT",,,Ealing,,,E09000009,Ealing Common,E05013521,51.49905000815104,-0.3022999598405592,517939.1556000002,179156.0957999993
Club 33 Limited,9 Wadeson Stree,,,Tower Hamlets,,,E09000030,Bethnal Green,E05009317,51.530924999410594,-0.05160978329423241,535244.4297000002,183133.9645000007
The Box Soho ,11-12 Walker's Ct,,11-12 Walker's Ct,Westminster,https://www.theboxsoho.com/,,E09000033,West End,E05013808,51.5130949993099,-0.13488958942405077,529518.8822999997,181000.62289999984
Union,66 Albert Embankment,,66 Albert Embankme,Lambeth,Union :: Vauxhall :: London (clubunion.co.uk),,E09000022,Vauxhall,E05014117,51.487899981897,-0.12322001180501854,530400.4479,178219.61250000075
Luxx Club,15 Berkeley Street,,,Westminster,,,E09000033,West End,E05013808,51.50832001671047,-0.14338997135640882,528942.5559,180454.64310000092
Club 49,49 Greek Street,,,Westminster,,,E09000033,West End,E05013808,51.51410000837886,-0.1309700025352717,529787.9890000001,181119.31870000064
Medicine Bar & Nightclub,89 Great Eastern Street,,,Hackney,,,E09000012,Hoxton East & Shoreditch,E05009377,51.525900010642445,-0.08334997962316804,533057.6597999996,182516.95600000024
Raffles Chelsea Ltd,25 Lonsdale Road,,,Richmond upon Thames,,,E09000027,Barnes,E05013774,51.48610998480086,-0.23725002109871374,522488.8065999998,177823.80980000086
M.O.T Venue Ltd,Unit 18,Orion Business Centre Surrey Canal Ro,,Lewisham,,,E09000023,New Cross Gate,E05013728,51.48441000844004,-0.048099970374847,535625.9001000002,177967.92789999954
Scandals,82 Norwood High Street,,,Lambeth,,,E09000022,Knight's Hill,E05014106,51.42961998049171,-0.10136000837533524,532086.0217000004,171778.01060000062
The Penthouse,1 Leicester Square,,,Westminster,,,E09000033,St James's,E05013806,51.51073999789823,-0.13044001557710988,529834.3115999997,180746.62120000087
The Aviary Cave Bar,164 Basin Approach,,,Tower Hamlets,,,E09000030,Limehouse,E05009326,51.51082000270547,-0.03380999877959788,536539.0893999999,180931.26479999907
The Planet Nollywood,319 Camberwell Road,,,Southwark,,,E09000028,Camberwell Green,E05011096,51.47607998909941,-0.09354002846239692,532495.1489000004,176958.45610000007
Pier One,162 Bidder St N,,162 Bidder St N,Newham,Pier One Nightspot | London Nightclub | Afro-Beat Music Nightclub,,E09000025,Canning Town North,E05013906,51.5177100105063,0.0035499863437944254,539110.4364999998,181767.72430000082
Unit 58 Ltd,5 Albert Street,,,Camden,,,E09000007,Regent's Park,E05013668,51.53458999006596,-0.1418000092461539,528978.6692000004,183378.69700000063
Maggie's Club ,329 Fulham Rd,,329 Fulham Rd,Kensington and Chelsea,Maggie's Club - The 80s are back! Chelsea's premier eighties nightclub (maggies-club.com),,E09000020,Stanley,E05009405,51.48638998190538,-0.1800599595634943,526458.5746999998,177952.08080000058
The Roxy,3-5 Rathbone Pl,Soho,3-5 Rathbone Pl,Westminster,http://www.theroxy.co.uk/,,E09000033,West End,E05013808,51.51669001636657,-0.13300999086539028,529639.0948999999,181403.7179000005
Fantazya,69 Albert Embankment,,69 Albert Embankme,Lambeth,Fantazya | Arabic Night Club,,E09000022,Vauxhall,E05014117,51.487899981897,-0.12322001180501854,530400.4479,178219.61250000075
Ligthbox,6 S Lambeth Pl,,6 S Lambeth Pl,Lambeth,,,E09000022,Vauxhall,E05014117,51.485649985886724,-0.1234899935450483,530388.1183000002,177968.93019999936
The Watershed,267 The Broadway,,,Merton,,,E09000024,Abbey,E05013810,51.419420000841846,-0.1949400183587026,525608.9636000004,170479.39200000092
The Cuckoo Club,Swallow Street,,Swallow Street,Westminster,https://www.thecuckooclub.com/,,E09000033,West End,E05013808,51.50990997972161,-0.13789001855521177,529319.7123999996,180641.1439999994
Libertine,2 Winsley Street,,,Westminster,,,E09000033,West End,E05013808,51.515949978534465,-0.13844003945303757,529264.4523,181311.82829999924
Hoxton Arches Events Limited,"Arch 402 Cremer St, London E2 8HD",,,Hackney,,,E09000012,Haggerston,E05009375,51.53036999529741,-0.07665996367209116,533508.6403000001,183026.2156000007
Zoo Bar,13-17 Bear Street,,,Westminster,,,E09000033,St James's,E05013806,51.51090998260449,-0.1289799720489473,529935.1391000003,180768.11250000075
The Guitar Social - Hackney,3 Mare Street,Hackney,3 Mare Street,Hackney,Contact Us - The Guitar Social,,E09000012,London Fields,E05009381,51.534899994056154,-0.05725996655559251,534840.8038999997,183565.5714999996
The Bloomsbury Ballroom,Victoria House,Southampton Row,,Camden,,,E09000007,Bloomsbury,E05013653,51.5191099983988,-0.12224997465522897,530378.7167999996,181691.92009999976
Soho House (Old Compton Street),19-21 Old Compton Street,,,Westminster,,,E09000033,West End,E05013808,51.51331001466681,-0.1307899604382621,529802.7259999998,181031.78959999979
The Book Club,100-106 Leonard Street,,,Hackney,,,E09000012,Hoxton East & Shoreditch,E05009377,51.524629984465946,-0.08172003529281298,533174.4255999997,182378.6928000003
Boat Live ,66 - 78 White Post Ln,,,Tower Hamlets,,,E09000030,Bow East,E05009319,51.54297998144523,-0.023149977681330994,537182.1050000004,184527.40159999952
Little Baobab Ltd,"Waller House, Mayville Estate",,,Islington,,,E09000019,Mildmay,E05013709,51.550830011782544,-0.08292996352140558,533014.1314000003,185290.01259999909
The Intimate Space at St Mary's Tower,St. Mary's Tower,Hornsey Village,London,Haringey,https://www.intimatespace.co.uk/,,E09000014,Hornsey,E05013593,51.58793160070501,-0.11566845396919123,530638.1639500499,189356.79080674035
The Post Bar,316 High Road,,,Haringey,https://www.thepostbar.co.uk/,,E09000014,,,51.58810374580804,-0.07040863299113052,533772.9414275126,189457.7968213919
