name,address1,address2,address3,borough_name,website,os_addressbase_uprn,borough_code,ward_2022_name,ward_2022_code,latitude,longitude,easting,northing
10 Greville Street,10 Greville Street,,,Camden,,5086871,E09000007,Holborn & Covent Garden,E05013662,51.519333,-0.10767518,531389.222,181742.7592
10 St. Cross Street,10 St. Cross Street,,,Camden,,5194308,E09000007,Holborn & Covent Garden,E05013662,51.520577,-0.10786866,531372.2208,181880.7456
11 Hatton Garden,11 Hatton Garden,,,Camden,,5088573,E09000007,Holborn & Covent Garden,E05013662,51.518523,-0.10760788,531396.2213,181652.8075
1-2 Kirby Street,1-2 Kirby Street,,,Camden,,multiple UPRNs,E09000007,Holborn & Covent Garden,E05013662,51.5196,-0.10716,531424.1948,181773.3739
12-13 Greville Street,12-13 Greville Street,,,Camden,,5088195,E09000007,Holborn & Covent Garden,E05013662,51.519295,-0.10751823,531400.2199,181738.8151
12-13 Hatton Garden,12-13 Hatton Garden,,,Camden,,5088651,E09000007,Holborn & Covent Garden,E05013662,51.518632,-0.10767543,531391.2213,181664.8072
14 St. Cross Street,14 St. Cross Street,,,Camden,,5087823,E09000007,Holborn & Covent Garden,E05013662,51.520889,-0.10771157,531382.2212,181915.7219
14-15 Hatton Garden,14-15 Hatton Garden,,,Camden,,5088484,E09000007,Holborn & Covent Garden,E05013662,51.51874,-0.10769977,531389.2219,181676.7732
16 Greville Street,16 Greville Street,,,Camden,,5197855,E09000007,Holborn & Covent Garden,E05013662,51.519361,-0.10716954,531424.2207,181746.7799
17 Greville Street,17 Greville Street,,,Camden,,5055403,E09000007,Holborn & Covent Garden,E05013662,51.519377,-0.10708237,531430.2222,181748.7155
18 Greville Street,18 Greville Street,,,Camden,,5039107,E09000007,Holborn & Covent Garden,E05013662,51.519412,-0.10702326,531434.2222,181752.7135
18 Hatton Garden,18 Hatton Garden,,,Camden,,5088355,E09000007,Holborn & Covent Garden,E05013662,51.518875,-0.10769418,531389.2214,181691.7953
18 St. Cross Street,18 St. Cross Street,,,Camden,,5088439,E09000007,Holborn & Covent Garden,E05013662,51.520923,-0.10811379,531354.22,181918.7813
20-24 Kirby Street,20-24 Kirby Street,,,Camden,,5088632,E09000007,Holborn & Covent Garden,E05013662,51.520667,-0.10733158,531409.2212,181891.7169
20-28 Hatton Wall,20-28 Hatton Wall,,,Camden,,5088443,E09000007,Holborn & Covent Garden,E05013662,51.521479,-0.10969078,531243.2207,181977.7822
22 Hatton Garden,22 Hatton Garden,,,Camden,,multiple UPRNs,E09000007,Holborn & Covent Garden,E05013662,51.51916,-0.10778,531382.4477,181723.3335
24 Hatton Garden,24 Hatton Garden,,,Camden,,5148459,E09000007,Holborn & Covent Garden,E05013662,51.519264,-0.10786542,531376.2224,181734.7452
24 St. Cross Street,24 St. Cross Street,,,Camden,,5166230,E09000007,Holborn & Covent Garden,E05013662,51.520694,-0.10898814,531294.2215,181891.7489
25 Hatton Garden,25 Hatton Garden,,,Camden,,5018677,E09000007,Holborn & Covent Garden,E05013662,51.519309,-0.10786356,531376.222,181739.7525
25A Hatton Garden,25A Hatton Garden,,,Camden,,5088370,E09000007,Holborn & Covent Garden,E05013662,51.519489,-0.10787051,531375.2221,181759.7561
26-27 Hatton Garden,26-27 Hatton Garden,,,Camden,,5088684,E09000007,Holborn & Covent Garden,E05013662,51.51958,-0.10791,531372.2207,181769.8046
28 Greville Street,28 Greville Street,,,Camden,,5088567,E09000007,Holborn & Covent Garden,E05013662,51.519668,-0.10668115,531457.2196,181781.7947
28 Hatton Garden,28 Hatton Garden,,,Camden,,5087278,E09000007,Holborn & Covent Garden,E05013662,51.519652,-0.10795024,531369.2219,181777.7388
31 Hatton Garden,31 Hatton Garden,,,Camden,,5088581,E09000007,Holborn & Covent Garden,E05013662,51.519841,-0.10797122,531367.2228,181798.7181
31-35 Kirby Street,31-35 Kirby Street,,,Camden,,5197860,E09000007,Holborn & Covent Garden,E05013662,51.520276,-0.10762167,531390.2214,181847.7172
31a Hatton Wall,31a Hatton Wall,,,Camden,,5088452,E09000007,Holborn & Covent Garden,E05013662,51.521297,-0.10955417,531253.2208,181957.7885
32-33 Greville Street,32-33 Greville Street,,,Camden,,many UPRNs,E09000007,Holborn & Covent Garden,E05013662,51.51929,-0.10868,531319.6353,181736.1758
32-33 Hatton Garden,32-33 Hatton Garden,,,Camden,,5088673,E09000007,Holborn & Covent Garden,E05013662,51.519957,-0.10789436,531372.2213,181811.7552
34 Greville Street,34 Greville Street,,,Camden,,5048579,E09000007,Holborn & Covent Garden,E05013662,51.519582,-0.1075063,531400.2218,181770.751
34-35 Hatton Garden,34-35 Hatton Garden,,,Camden,,5088679,E09000007,Holborn & Covent Garden,E05013662,51.520068,-0.10810596,531357.2223,181823.719
35 Greville Street,35 Greville Street,,,Camden,,5088141,E09000007,Holborn & Covent Garden,E05013662,51.519629,-0.10760527,531393.2205,181775.7999
36-38 Hatton Garden,36-38 Hatton Garden,,,Camden,,5088683,E09000007,Holborn & Covent Garden,E05013662,51.520239,-0.10809888,531357.2216,181842.747
36-43 Kirby Street,36-43 Kirby Street,,,Camden,,many UPRNs,E09000007,Holborn & Covent Garden,E05013662,51.52006,-0.10762,531390.9587,181823.7009
39 Greville Street,39 Greville Street,,,Camden,,5088384,E09000007,Holborn & Covent Garden,E05013662,51.519388,-0.10882605,531309.2211,181746.8116
40 Greville Street,40 Greville Street,,,Camden,,5088014,E09000007,Holborn & Covent Garden,E05013662,51.51938,-0.10891285,531303.2223,181745.7664
45 Hatton Garden,45 Hatton Garden,,,Camden,,5088386,E09000007,Holborn & Covent Garden,E05013662,51.520881,-0.10830292,531341.2201,181913.7718
45 Kirby Street,45 Kirby Street,,,Camden,,5008380,E09000007,Holborn & Covent Garden,E05013662,51.519635,-0.10744645,531404.2215,181776.752
5 Hatton Garden,5 Hatton Garden,,,Camden,,5088042,E09000007,Holborn & Covent Garden,E05013662,51.518144,-0.1075371,531402.2221,181610.7895
5 Hatton Place,5 Hatton Place,,,Camden,,5088043,E09000007,Holborn & Covent Garden,E05013662,51.521322,-0.10779453,531375.2203,181963.723
5-13 Hatton Wall,5-13 Hatton Wall,,,Camden,,5109859,E09000007,Holborn & Covent Garden,E05013662,51.521664,-0.10834254,531336.2197,182000.7709
55 Hatton Garden,55 Hatton Garden,,,Camden,,5068548,E09000007,Holborn & Covent Garden,E05013662,51.521469,-0.10855241,531322.2213,181978.7105
56 Hatton Garden,56 Hatton Garden,,,Camden,,5088060,E09000007,Holborn & Covent Garden,E05013662,51.521574,-0.10834627,531336.2198,181990.7561
57a Hatton Garden,57a Hatton Garden,,,Camden,,5088599,E09000007,Holborn & Covent Garden,E05013662,51.521779,-0.10879904,531304.2206,182012.7405
58 Hatton Garden,58 Hatton Garden,,,Camden,,5044932,E09000007,Holborn & Covent Garden,E05013662,51.521433,-0.10905845,531287.2194,181973.8001
59-61 Hatton Garden,59-61 Hatton Garden,,,Camden,,5088666,E09000007,Holborn & Covent Garden,E05013662,51.521324,-0.1090341,531289.222,181961.7229
63-66 Hatton Garden,63-66 Hatton Garden,,,Camden,,many UPRNs,E09000007,Holborn & Covent Garden,E05013662,51.52102,-0.10892,531298.0114,181928.1224
7 Hatton Garden,7 Hatton Garden,,,Camden,,5088667,E09000007,Holborn & Covent Garden,E05013662,51.518261,-0.10753226,531402.2213,181623.8087
70 Hatton Garden,70 Hatton Garden,,,Camden,,5088094,E09000007,Holborn & Covent Garden,E05013662,51.520736,-0.10878461,531308.2204,181896.7842
88-90 Hatton Garden,88-90 Hatton Garden,,,Camden,,5126235,E09000007,Holborn & Covent Garden,E05013662,51.519419,-0.10855087,531328.2229,181750.7522
99-108 Hatton Garden,99-108 Hatton Garden,,,Camden,,many UPRNs,E09000007,Holborn & Covent Garden,E05013662,51.51891,-0.10814,531358.1912,181694.8878
A Weathered Penny Limited,37 Warren Street,,,Camden,http://www.aweatheredpenny.co.uk,5139770,E09000007,Bloomsbury,E05013653,51.52320036,-0.140715802,529086.0609,182114.0665
Albion Buildings,"Back Hill, London EC1R 5HT",,,Camden,,5087876,E09000007,Holborn & Covent Garden,E05013662,51.522198,-0.10970423,531240.2214,182057.7113
Alex Monroe Limited,"37 Snowsfields, London, England, SE1 3SU",,,Southwark,https://www.alexmonroe.com/,2.00E+11,E09000028,London Bridge & West Bermondsey,E05011104,51.502292,-0.084952718,533015.2186,179888.8015
Amulette Ltd,"Suite D, 8 The Causeway",Teddington,,Richmond upon Thames,http://www.amulette.co.uk/,10070710083,E09000027,Teddington,E05013788,51.42530264,-0.334314129,515903.6296,170904.0365
Andrew Chappell Limited,"47 Lexington Street, London, England, W1F 9AW",,,Westminster,http://chappelljewellery.com/,1.00E+11,E09000033,West End,E05013808,51.51305,-0.13650017,529407.2588,180992.7723
Art Hub Studios CIC - Deptford,"5-9 Creekside, London SE8 4SA",,,Lewisham,https://www.arthub.org.uk/,10093391623,E09000023,Deptford,E05013719,51.47689,-0.02132,537507.8085,177181.654
Ayyappaa Jewellery Workshop Ltd,128 Loampit Vale,,,Lewisham,,1.00E+11,E09000023,Lewisham Central,E05013727,51.46516984,-0.017000084,537843.1094,175886.5038
B.E.S.T. Designs Limited,2nd 34-36 Maddox Street,,,Westminster,https://www.bestdesignsltd.com/,10033537743,E09000033,West End,E05013808,51.51235772,-0.140941173,529101.0738,180907.9537
Clerkenwell  Workshops,"27-31 Clerkenwell Close, London EC1R 0AT",,,Islington,https://www.workspace.co.uk/workspaces/clerkenwell-workshops,5300020910,E09000019,Clerkenwell,E05013702,51.5241,-0.10659823,531450.2144,182274.7851
Cockpit Bloomsbury,Cockpit Yard,,,Camden,https://cockpitstudios.org,5151188,E09000007,Holborn & Covent Garden,E05013662,51.521886,-0.1165642,530765.2269,182010.7483
Cockpit Deptford,18 - 22 Creekside,,,Lewisham,https://cockpitstudios.org,1.00E+11,E09000023,Deptford,E05013719,51.478626,-0.020677597,537547.1945,177375.9015
Completed Works Limited,69a Lisson Street London NW1 5DA,,,Westminster,https://completedworks.com/,1.00E+11,E09000033,Church Street,E05013794,51.521176,-0.16828401,527179.2838,181840.726
Craft Central,397-411 Westferry Road,,,Tower Hamlets,https://www.craftcentral.org.uk,6653025,E09000030,Island Gardens,E05009324,51.48879,-0.01918591,537620.1695,178508.9308
Delta House Studios,"Riverside Road, London SW17 0BA",,,Wandsworth,https://www.deltahousestudios.co.uk/artists,1.00E+11,E09000032,Wandsworth Common,E05014027,51.43338,-0.18894695,525987.2923,172042.0174
Expressway,1 Dock Road,,,Newham,https://expressway.london,10009000443,E09000025,Royal Victoria,E05013923,51.505982,0.015768968,539994.1294,180486.9157
Flux Studios,"2F Vanguard Court, 36-38 Peckham Road Camberwell L",,,Southwark,https://www.fluxstudios.org/,no UPRN,E09000028,St Giles,E05011115,51.47246,-0.08136,533351.5056,176578.0162
Foreman & Beatty (Diamond Mounters) Limited,18 Royal Parade,Chislehurst,,Bromley,,1.00E+11,E09000006,Chislehurst,E05013993,51.41064938,0.077975985,544611.967,170006.791
Forma Studios Forest Hill,"First Floor, 127 Stanstead Road",,,Lewisham,https://forma.org.uk/projects/stanstead-road,10094268470,E09000023,Crofton Park,E05013718,51.442538,-0.04691716,535832.2141,173314.0027
Freeform Jewellery,"44 Wentworth St, London E1 7TF",,,Tower Hamlets,https://freeformjewellery.com/,6120305,E09000030,Spitalfields & Banglatown,E05009333,51.516745,-0.074632017,533689.1836,181514.7982
Geoffrey Turk Limited,15 Bateman Street,,,Westminster,http://turkjewels.com/,1.00E+11,E09000033,West End,E05013808,51.51345343,-0.130662675,529811.1501,181047.963
Georgina Skan Ltd,"50a Station Rd, London SW13 0LP",,,Richmond upon Thames,https://www.georginaskan.com/,1.00E+11,E09000027,Mortlake & Barnes Common,E05013783,51.47197,-0.24702,521848.1257,176235.143
Goldie Jewellery,"4, 8 Arcola St, London E8 2DJ",,,Hackney,https://goldiejewellery.com/,1.00E+11,E09000012,Shacklewell,E05009382,51.551913,-0.074546577,533592.1736,185425.7306
Graff Diamonds Limited,28-29 Albemarle Street,,,Westminster,http://www.graffdiamonds.com,1.00E+11,E09000033,West End,E05013808,51.50892189,-0.14092252,529112.0784,180525.9181
Grant Macdonald (Silversmiths) Limited,"64 Great Suffolk St, London SE1 0BL",,,Southwark,https://grantmacdonald.com/,2.00E+11,E09000028,Borough & Bankside,E05011095,51.50304,-0.10166449,531853.2348,179941.7719
Great Western Studios,65 Alfred Road,,,Westminster,https://www.greatwesternstudios.com/,1.00E+11,E09000033,Westbourne,E05013809,51.523732,-0.20153838,524865.316,182067.7413
Griffin of London Limited,42 South Molton Street London W1K 5RR,,,Westminster,https://www.griffinoflondon.com/,1.00E+11,E09000033,West End,E05013808,51.51408,-0.14835,528582.151,181086.442
Grosvenor Works,"Grosvenor Works, Mount Pleasant Hill",,,Hackney,https://www.cellprojects.org/studios/cell-studios-grosvenor-way,1.00E+11,E09000012,Lea Bridge,E05009380,51.564271,-0.052843814,535060.193,186839.8283
Hackney Downs Studios,Amhurst Terrace,,,Hackney,https://eatworkart.com/hackney-downs-studios,1.00E+11,E09000012,Shacklewell,E05009382,51.554341,-0.066322695,534155.1789,185710.7881
Hirji Lakha & Bros. (U.K.) Limited," 7-9 Ealing Rd, Wembley HA0 4AA",,,Brent,,202102549,E09000005,Wembley Central,E05013514,51.55153,-0.29871,518052.574,184997.8694
Hone,"16 Pixley St, London E14 7DF, UK",,,Tower Hamlets,https://hone.london/jewellery/,6722960,E09000030,Mile End,E05009327,51.514779,-0.029358194,536836.1288,181379.8096
Huckletree West Mediaworks,"191 Wood Ln, London W12 7FP",,,Hammersmith and Fulham,https://www.huckletree.com/hubs/west,34160930,E09000013,College Park & Old Oak,E05013736,51.513369,-0.22788804,523065.3578,180870.7566
Jewellery Cave Limited,48b Hendon Lane London N3 1TT United Kingdom,,,Barnet,http://www.jewellerycave.co.uk,200058885,E09000003,Finchley Church End,E05013639,51.59871,-0.19912,524827.696,190409.6552
Kingsgate Workshops,"110-116 Kingsgate Rd, London NW6 2JG",,,Camden,https://www.kingsgateworkshops.org.uk,5184848,E09000007,Kilburn,E05013665,51.544343,-0.19686082,525133.2787,184367.7178
Krystal London Limited,Unit 7,Phoenix Industrial Estate,,Harrow,http://www.krystallondon.com,1.00E+11,E09000015,Greenhill,E05013546,51.58815008,-0.327699962,515949.6313,189023.911
Laney Building,Portpool Ln,,,Camden,,5105318,E09000007,Holborn & Covent Garden,E05013662,51.520708,-0.10988124,531232.2234,181891.7054
Lombard Road Studios,21c Lombard Rd,,,Merton,https://www.acava.org/building/lombard-road-studios/,48130102,E09000024,Abbey,E05013810,51.409665,-0.18945276,526017.2793,169404.0406
London Jewellery Workshop,"Unit 18, Sunbury Workshops, Swansfield Street, Lon",,,Tower Hamlets,https://londonjewelleryworkshop.co.uk/,6005198,E09000030,Weavers,E05009335,51.526855,-0.074205557,533689.1673,182639.8233
Made By Ore,"UNIT 2, CITY STUDIOS, 30A Borwick Ave, London E17 ",,,Waltham Forest,https://www.madebyore.com,1.00E+11,E09000031,William Morris,E05013902,51.588603,-0.028547021,536671.1769,189590.7056
Malcolm Betts Limited,"5 Campden St, London W8 7EP",,,Kensington and Chelsea,https://www.malcolmbetts.com/,217011358,E09000020,Campden,E05009390,51.50703,-0.19515,525354.3079,180221.3551
Maya Magal Jewellery Limited,193 Upper Street,,,Islington,http://www.mayamagal.co.uk,5300094850,E09000019,St Mary's & St James',E05013710,51.54202864,-0.101713032,531737.3399,184277.2583
Mounir's Design Limited,30 Lower Richmond Road,Putney,,Wandsworth,http://www.mounir.co.uk,1.00E+11,E09000032,Thamesfield,E05014022,51.4668012,-0.217107557,523939.5053,175710.4967
Oxo Tower Wharf,"Barge House St, London SE1 9PH",,,Southwark,https://coinstreet.org/oxo-tower-wharf,2.00E+11,E09000028,Borough & Bankside,E05011095,51.508346,-0.10836102,531373.2352,180519.7701
Pall Mall Deposit,"124-128 Barlby Road, Kensington and Chelsea London",,,Kensington and Chelsea,https://www.workspace.co.uk/workspaces/pall-mall-deposit,217116767,E09000020,Dalgarno,E05009394,51.523177,-0.21875742,523672.3321,181976.8084
Peckham Levels,"95A Rye Ln, London SE15 4ST",,,Southwark,https://peckhamlevels.org,2.00E+11,E09000028,Rye Lane,E05011113,51.470741,-0.068232581,534268.2198,176410.8463
Perseverance Works,25 Hackney Road London E2 7NX,,,Hackney,http://www.perseveranceworks.co.uk/,no UPRN,E09000012,Hoxton East & Shoreditch,E05009377,51.52777,-0.07675,533509.9996,182736.9259
Rathy Jewellers Limited,28 Ealing Road,Wembley,,Brent,https://www.rathyjewellers.com/,202102528,E09000005,Wembley Central,E05013514,51.5505984,-0.29735619,518148.8407,184896.456
Regent Studios,"8 Andrews Rd, London, England, E8 4QN, United King",,,Hackney,,1.00E+11,E09000012,London Fields,E05009381,51.5355,-0.060243345,534632.1325,183626.798
Rowan Davis Jewellery Ltd,1a Duke Street,,,Westminster,http://www.rowandavis.com,1.00E+11,E09000033,West End,E05013808,51.51587561,-0.150700793,528413.9947,181281.9925
Sharad's,4 St. Stephens Parade,Green Street,,Newham,,10012838696,E09000025,Green Street East,E05013913,51.53744669,0.0358235,541288.4814,184024.3094
Shimell and Madden,"Unit 7, culford house, 1-7 Orsman Rd, Whitmore Est",,,Hackney,https://shimellandmadden.com,1.00E+11,E09000012,Hoxton East & Shoreditch,E05009377,51.536113,-0.077808952,533412.1597,183662.7592
Soho Works Shoreditch,"The Tea Building, 56 Shoreditch High Street, E1 6J",,,Hackney,https://www.sohohouse.com/soho-works/shoreditch,1.00E+11,E09000012,Hoxton East & Shoreditch,E05009377,51.524072,-0.076715943,533523.1766,182325.765
Solange Azagury Limited,"27 Chilworth Street, London, W2 3HA",,,Westminster,https://solange.co.uk/,1.00E+11,E09000033,Lancaster Gate,E05013798,51.51468,-0.18074,526333.1351,181096.8039
Stratford Workshops,"Burford Rd, London E15 2SP",,,Newham,,10009017863,E09000025,Stratford,E05013924,51.537326,-0.000294467,538784.0945,183941.7319
Tarra Rosenbaum Limited,"77 Tower Bridge Rd, London SE1 4TW",,,Southwark,https://tarrarosenbaum.com/,2.00E+11,E09000028,Chaucer,E05011098,51.49609,-0.08294,533172.9748,179202.7978
The Forge Space,59 Leather Lane,,,Camden,https://theforgespace.com,5143026,E09000007,Holborn & Covent Garden,E05013662,51.520708,-0.10988124,531232.2234,181891.7054
The Goldsmiths' Centre,"42 Britton St, London EC1M 5AD",,,Islington,https://www.goldsmiths-centre.org,10090267211,E09000019,Clerkenwell,E05013702,51.520973,-0.10289363,531716.2167,181933.715
The Jewellery Display Co Ltd,Unit 25,Riverwalk Business Park,,Enfield,https://www.tjdc.co.uk/,207203504,E09000010,Brimsdown,E05013674,51.65010906,-0.022513492,536904.0449,196441.7421
The Jewellery Workshop,"10 Broadway Parade, Hornchurch RM12 4RS",,,Havering,,no UPRN,E09000016,Elm Park,E05013969,51.55073,0.19853,552527.2825,185827.9098
The Piano Works,117 Farringdon Rd,,,Islington,,5300032953,E09000019,Clerkenwell,E05013702,51.522865,-0.10809096,531350.218,182134.774
The Record Hall,"16-16A Baldwin's Gardens, London EC1N 7RJ",,,Camden,https://www.workspace.co.uk/workspaces/the-record-hall,5191576,E09000007,Holborn & Covent Garden,E05013662,51.520093,-0.10966166,531249.2239,181823.7105
Theresa Treasures Limited,Unit 1c The Show House,Watermill Way,,Merton,https://theresatreasures.co.uk/,48129844,E09000024,Colliers Wood,E05013812,51.41312585,-0.181874995,526534.7105,169801.9311
Upminster Jewellery Workshop Ltd,"201 St. Marys Ln, Upminster RM14 3BU",,,Havering,,1.00E+11,E09000016,Upminster,E05013986,51.556587,0.25236086,556239.0956,186592.7578
Vanleles Diamonds Ltd,76 Brook Street London W1K 5EE,,,Westminster,https://www.vanleles.com/,1.00E+11,E09000033,West End,E05013808,51.512676,-0.14921228,528526.2729,180928.802
Vox Studios,"1-45 Durham St, London SE11 5JH",,,Lambeth,https://www.workspace.co.uk/workspaces/vox-studios,1.00E+11,E09000022,Oval,E05014108,51.485981,-0.11838976,530741.266,178014.8265
W&W JEWELLERY,"19 Webbs Road, London SW11 6RU",,,Wandsworth,https://wandwjewellery.com,1.00E+11,E09000032,Northcote,E05014016,51.459059,-0.16389119,527657.2636,174940.843
William Cheshire Bespoke Jewellery,"14 Broadway Market, London E8 4QJ",,,Hackney,https://www.williamcheshire.com,1.00E+11,E09000012,London Fields,E05009381,51.536031,-0.061864606,534518.1319,183682.8644
WorkShop,"102 St. Pancras Way, London NW1 9ND",,,Camden,https://w-shop.co/,5020346,E09000007,Kentish Town South,E05013664,51.543539,-0.13844203,529186.2232,184379.7562
