name,address1,address2,address3,borough_name,website,os_addressbase_uprn,borough_code,ward_2022_name,ward_2022_code,latitude,longitude,easting,northing,fme_feature_type.total_count
Brompton Oratory,Brompton Road, ,SW7 2RP,Kensington and Chelsea,,217007711,E09000020,Brompton & Hans Town,E05009389,51.49747072,-0.169815218,527139.0126999998,179202.00349999964,176
Chelsea and Westminster Hospital Archives,369 Fulham Road, ,SW10 9NH,Kensington and Chelsea,,217033201,E09000020,Stanley,E05009405,51.48425239,-0.181434976,526369.0130000003,177712.00320000015,176
Commonwealth Institute,Commonwealth Resources Centre,Kensington High Street ,W8 6NQ,Kensington and Chelsea,,217044656,E09000020,Holland,E05009397,51.49987443,-0.200159027,525026.2823000001,179417.0831000004,176
Armenian Institute,Armenian Church Hall, Iverna Gardens ,W8 6TP,Kensington and Chelsea,http://www.armenianinstitute.org.uk/,217116743,E09000020,Abingdon,E05009388,51.49955292,-0.193331863,525501.0122999996,179393.00280000083,176
Chelsea Library,Old Town Hall ,Kings Road ,SW3 5EZ,Kensington and Chelsea,https://www.rbkc.gov.uk/libraries/your-library/find-library/chelsea-library,217105143,E09000020,Royal Hospital,E05009403,51.48747216,-0.168170333,527281.0155999996,178093.00469999947,176
Chelsea Physic Garden,66 Royal Hospital Road, ,SW3 4HS,Kensington and Chelsea,https://www.chelseaphysicgarden.co.uk/,217102618,E09000020,Royal Hospital,E05009403,51.48457384,-0.162251549,527700.0136000002,177781.00349999964,176
Eighteen Stafford Terrace: Sambourne Family Archive,18 Stafford Terrace, ,W8 7BH,Kensington and Chelsea,https://www.rbkc.gov.uk/subsites/museums/18staffordterrace1.aspx,217107937,E09000020,Campden,E05009390,51.50045223,-0.196840681,525255.0121999998,179487.00329999998,176
Kensington and Chelsea Libraries and Arts Service,Central Library ,Phillimore Walk ,W8 7RX,Kensington and Chelsea,https://www.rbkc.gov.uk/leisure-and-culture/culture/arts-services,217125485,E09000020,Campden,E05009390,51.50141889,-0.194406095,525421.3322000001,179598.66249999963,176
Leighton House Museum,12 Holland Park Road, ,W14 8LZ,Kensington and Chelsea,https://www.rbkc.gov.uk/subsites/museums/leightonhousemuseum1.aspx,217039506,E09000020,Holland,E05009397,51.49858782,-0.203095135,524826.0122999996,179269.00349999964,176
London University: Heythrop College,Kensington Square, ,W8 5HN,Kensington and Chelsea,http://www.heythrop.ac.uk/,217046014,E09000020,Queen's Gate,E05009401,51.49946248,-0.1902477,525715.3223000001,179388.23310000077,176
National Army Museum Templer Study Centre,Royal Hospital Road Chelsea, ,SW3 4HT,Kensington and Chelsea,https://www.nam.ac.uk/collections/templer-study-centre,217075883,E09000020,Royal Hospital,E05009403,51.48622897,-0.160337437,527828.2860000003,177968.3947999999,176
"National Art Library, Victoria & Albert Museum",Cromwell Road, ,SW7 2RL,Kensington and Chelsea,https://www.vam.ac.uk/info/national-art-library/,217108016,E09000020,Brompton & Hans Town,E05009389,51.49690228,-0.172098033,526982.1427999996,179134.8333999999,176
Natural History Museum Library and Archives,Cromwell Road ,South Kensington ,SW7 5BD,Kensington and Chelsea,http://www.nhm.ac.uk/our-science/departments-and-staff/library-and-archives.html,217110763,E09000020,Brompton & Hans Town,E05009389,51.49656438,-0.176867722,526652.0127999997,179089.00290000066,176
"Offer, Watermann & Co",11 Langton Street, ,SW10 OJL,Kensington and Chelsea,https://www.waterman.co.uk/,217051629,E09000020,Stanley,E05009405,51.48229148,-0.180821618,526417.0120999999,177495.00269999914,176
Royal British Society of Sculptors,108 Old Brompton Road, ,SW7 3RA,Kensington and Chelsea,https://sculptors.org.uk/,217060814,E09000020,Courtfield,E05009393,51.49173139,-0.179509541,526482.0125000002,178547.00349999964,176
Royal Institute of British Architects,British Architectural Library Drawings and Archive,Cromwell Road ,SW7 2RL,Kensington and Chelsea,https://www.architecture.com/,217108016,E09000020,Brompton & Hans Town,E05009389,51.49690228,-0.172098033,526982.1427999996,179134.8333999999,176
State Apartments and Court Dress Collection: Kensingt,Kensington Palace, ,W8 4PX,Kensington and Chelsea,https://www.hrp.org.uk/kensington-palace/explore/the-queen-s-state-apartments/#gs.cTpT3ik,217064431,E09000020,Campden,E05009390,51.50519934,-0.188021818,525854.0120000001,180030.00349999964,176
"Victoria & Albert Museum, Department of Designs, Prin",Cromwell Road, ,SW7 2RL,Kensington and Chelsea,http://www.vam.ac.uk/page/d/drawings/,217108016,E09000020,Brompton & Hans Town,E05009389,51.49690228,-0.172098033,526982.1427999996,179134.8333999999,176
Victoria League for Commonwealth Friendship,55 Leinster Square, ,W2 4PU,Kensington and Chelsea,https://victorialeague.co.uk/,217108016,E09000020,Brompton & Hans Town,E05009389,51.49690228,-0.172098033,526982.1427999996,179134.8333999999,176
Westminster Diocesan Archives,16a Abingdon Road ,Kensington ,W8 6AF,Kensington and Chelsea,https://rcdow.org.uk/diocese/archives/,,E09000020,Abingdon,E05009388,51.49879422,-0.196996868,525248.716,179302.36260000058,176
Blechynden St,54 Blechynden St,,,Kensington and Chelsea,www.acava.org,217107233,E09000020,Notting Dale,E05009399,51.51448115,-0.21686752,523827.01240000036,181013.0025999993,176
Maxilla Walk,4 Maxilla Walk,,,Kensington and Chelsea,www.acava.org,217057292,E09000020,St. Helen's,E05009404,51.51629922,-0.215787564,523897.0126,181217.0022,176
The Crow's Nest,3-5 Crowthorne Rd,,,Kensington and Chelsea,www.artcoreint.net,217022375,E09000020,St. Helen's,E05009404,51.51638109,-0.219992996,523605.01159999985,181219.00129999965,176
Buspace Studios,5 Conlan Street,Unit127,,Kensington and Chelsea,http://www.buspace.co.uk/,217120223,E09000020,Golborne,E05009396,51.52546573,-0.211262853,524186.01269999985,182244.00200000033,176
The PLACe (Pottery Lane Art Centre),95 Princedale Rd,Notting Hill Gate,,Kensington and Chelsea,https://www.the-place.uk/,No UPRN,E09000020,Notting Dale,E05009399,51.50978,-0.21154,524209.44120000023,180499.2438999992,176
The Tabernacle,35 Powis Square,off Portobello Road,W11 2AY,Kensington and Chelsea,https://www.tabernaclew11.com/,217070132,E09000020,Colville,E05009392,51.51696816,-0.201881407,524860.0126,181315.0025999993,176
Curzon Chelsea,,206 King's Road,SW3 5XP,Kensington and Chelsea,,217047105,E09000020,Stanley,E05009405,51.48813,-0.16738,527334.0524000004,178167.53050000034,176
Electric Cinema Portobello,,191 Portobello Road,W11 2ED,Kensington and Chelsea,,217069435,E09000020,Colville,E05009392,51.515523,-0.20509019,524641.3300000001,181148.83300000057,176
Gate Picturehouse,,87 Notting Hill Gate,W11 3JZ,Kensington and Chelsea,,10091855182,E09000020,Campden,E05009390,51.508739,-0.19727249,525202.3338000001,180407.76970000006,176
Cinema Museum,142 Fulham Road,,SW10 9QR,Kensington and Chelsea,,217101389,E09000020,Redcliffe,E05009402,51.487152,-0.17942804,526500.3386000004,178037.90890000015,176
Everyman Chelsea ,,,,Kensington and Chelsea,,,E09000020,Chelsea Riverside,E05009391,51.48541,-0.17337,526925.7520000003,177854.6701999996,176
Fulham Road Picturehouse,,,,Kensington and Chelsea,,,E09000020,Redcliffe,E05009402,51.48711,-0.17938,526503.79,178033.32139999978,176
Cine Lumiere,Institut Francais,17 Queensberry Place,SW7 2DT,Kensington and Chelsea,https://www.institut-francais.org.uk/cine-lumiere/,217072593,E09000020,Brompton & Hans Town,E05009389,51.494554,-0.17721712,526633.3301999997,178864.8417000007,176
Cineworld Fulham Road,,142 Fulham Road,SW10 9QR,Kensington and Chelsea,www.cineworld.co.uk,217101389,E09000020,Redcliffe,E05009402,51.487152,-0.17942804,526500.3386000004,178037.90890000015,176
Louise T Blouin Institute,3 Olaf Street,,,Kensington and Chelsea,http://www.ltbfoundation.org/#,34115265,E09000020,Notting Dale,E05009399,51.50957828,-0.216187306,523887.5053000003,180468.94260000065,176
Crane Kalman,178 Brompton Road,,,Kensington and Chelsea,http://cranekalman.com/#,217007694,E09000020,Brompton & Hans Town,E05009389,51.49745899,-0.165725579,527422.9053999996,179207.80360000022,176
Hollywood Road Gallery,12 Hollywood Road,,,Kensington and Chelsea,http://www.hollywoodroadgallery.com/#,217040769,E09000020,Redcliffe,E05009402,51.48552552,-0.183116086,526248.7834999999,177850.68119999953,176
The Rowley Gallery,115 Kensington Church Street,,,Kensington and Chelsea,http://www.rowleygallery.co.uk/#,217043176,E09000020,Campden,E05009390,51.50626751,-0.193200542,525491.6852000002,180139.9023000002,176
Japanese Gallery,66D Kensington Church St,,,Kensington and Chelsea,http://www.japanese-gallery.com/#,217043283,E09000020,Campden,E05009390,51.50481322,-0.192206067,525564.6946,179979.8864999991,176
Northcote Gallery Chelsea,253 King’s Road,,,Kensington and Chelsea,http://www.northcotegallery.com/#,217046439,E09000020,Chelsea Riverside,E05009391,51.48553399,-0.170416849,527130.4385000002,177873.57719999924,176
Museum of Brands,111-117 Lancaster Road,,,Kensington and Chelsea,http://www.museumofbrands.com/#,217050374,E09000020,Notting Dale,E05009399,51.51586215,-0.209527314,524332.5477,181179.00650000013,176
James Harvey British Art,15 Langton Street,,,Kensington and Chelsea,http://www.jhba.co.uk/#,217051631,E09000020,Chelsea Riverside,E05009391,51.48184261,-0.179344634,526520.8032999998,177447.63599999994,176
Doyle Devere,30 Ledbury Road,,,Kensington and Chelsea,http://www.doyledevere.co.uk/#,217052558,E09000020,Pembridge,E05009400,51.51336221,-0.1972151,525193.6458,180921.97800000012,176
Tryon St,7-9 Tryon Street,,,Kensington and Chelsea,http://www.tryonst.co.uk/#,217087920,E09000020,Royal Hospital,E05009403,51.48981789,-0.161350241,527747.9447999997,178365.72130000032,176
Lacey Contemporary,8 Clarendon Cross,,,Kensington and Chelsea,http://www.laceycontemporarygallery.co.uk/#,217103015,E09000020,Norland,E05009398,51.50998432,-0.208604785,524412.5630999999,180526.94539999962,176
The Dot Project,94 Fulham Road,,,Kensington and Chelsea,http://www.thedotproject.com/#,217103153,E09000020,Stanley,E05009405,51.48928315,-0.17374671,526888.8521999996,178284.7184999995,176
Offer Waterman & Co,11 Langton Street,,,Kensington and Chelsea,http://www.waterman.co.uk/#,217103621,E09000020,Chelsea Riverside,E05009391,51.48177813,-0.179246376,526527.8037999999,177440.63529999927,176
Cadogan Contemporary,87 Old Brompton Road,,,Kensington and Chelsea,http://www.cadogancontemporary.com/#,217103741,E09000020,Courtfield,E05009393,51.49200577,-0.175323519,526771.8382000001,178584.74880000018,176
The Muse,269 Portobello Rd,,,Kensington and Chelsea,http://themuseat269.com/#,217103948,E09000020,Colville,E05009392,51.51742491,-0.205271243,524623.5783000002,181360.0214000009,176
GGGallery,15b Blenheim Crescent,,,Kensington and Chelsea,http://www.gggallery.co.uk/#,217106096,E09000020,Colville,E05009392,51.51514051,-0.204092588,524711.5904999999,181107.99719999917,176
Richard Young Gallery,4 Holland Street,,,Kensington and Chelsea,http://www.richardyounggallery.co.uk/#,217106179,E09000020,Campden,E05009390,51.50280048,-0.190550283,525685.1398,179758.9054000005,176
Hackelbury,4 Launceston Place,,,Kensington and Chelsea,http://www.hackelbury.co.uk/#,217106588,E09000020,Queen's Gate,E05009401,51.49852225,-0.183766347,526167.7670999998,179294.8189000003,176
The Foundry Gallery,39 Old Church Street,,,Kensington and Chelsea,http://www.thefoundrygallery.org/#,217106994,E09000020,Chelsea Riverside,E05009391,51.48387629,-0.170750556,527111.8722999999,177688.6579,176
The Little Black Gallery,13A Park Walk,,,Kensington and Chelsea,http://www.thelittleblackgallery.com/#,217107061,E09000020,Stanley,E05009405,51.48540507,-0.17825199,526586.8196,177845.67769999988,176
Saatchi Gallery,Duke of York's HQ,King's Road,,Kensington and Chelsea,http://www.saatchi-gallery.co.uk/#,217110596,E09000020,Royal Hospital,E05009403,51.49009321,-0.157118058,528040.9764,178403.7240999993,176
Graffik Gallery,284 Portobello Road,,,Kensington and Chelsea,http://graffikgallery.com/#,217113237,E09000020,Colville,E05009392,51.51884574,-0.205849663,524579.5718999999,181517.03690000065,176
Flying Colours Gallery,6 Burnsall Street,,,Kensington and Chelsea,http://www.flyingcoloursgallery.com/#,217115299,E09000020,Royal Hospital,E05009403,51.48830408,-0.164609267,527525.9212999996,178191.70680000074,176
Michael Hoppen Gallery,3 Jubilee Place,,,Kensington and Chelsea,http://www.michaelhoppengallery.com/#,217120296,E09000020,Royal Hospital,E05009403,51.48845439,-0.164444764,527536.9223999996,178208.7076999992,176
Michael Hoppen Gallery,"Unit 10, Pall Mall Deposit",124-128 Barlby Road,,Kensington and Chelsea,http://www.michaelhoppengallery.com/#,217101233,E09000020,Dalgarno,E05009394,51.523233,-0.21889938,523662.33249999955,181982.79609999992,176
Catharine Miller Gallery,Hollywood Road Gallery,12 Hollywood Road,SW10 9HY,Kensington and Chelsea,https://www.catharinemiller.com/,217040769,E09000020,Redcliffe,E05009402,51.486038,-0.18471524,526136.3459000001,177904.91669999994,176
Gaglirdi Gallery,509 King's Road,SW10 0TX,,Kensington and Chelsea,https://www.gagliardigallery.org/,217106780,E09000020,Chelsea Riverside,E05009391,51.480809,-0.18390032,526207.3355999999,177324.84080000035,176
Tanya Baxter Contemporary,436 King's Road,SW10 0LJ,,Kensington and Chelsea,https://tanyabaxtercontemporary.com/,217103526,E09000020,Stanley,E05009405,51.483214,-0.17777014,526626.3329999996,177602.8574000001,176
Studio West,"Unit 1, 216 Kensington Park Road",London,,Kensington and Chelsea,https://studiowest.art/,See notes,E09000020,Colville,E05009392,51.5164,-0.20607,524570.9562999997,181244.6905000005,176
The Muse,269 Portobello Road,,,Kensington and Chelsea,https://themuseat269.london/,See notes,E09000020,Colville,E05009392,51.51792,-0.20683,524514.0824999996,181412.42559999973,176
HackelBury Fine Art,4 Launceston Place,London,,Kensington and Chelsea,https://hackelbury.co.uk/,217106588,E09000020,Queen's Gate,E05009401,51.499033,-0.18536596,526055.3322000001,179348.86180000007,176
Taymour Grahne - Holland Park,10 Portland Road,London,,Kensington and Chelsea,https://taymourgrahne.com/,217106980,E09000020,Norland,E05009398,51.507294,-0.20796417,524464.3453000002,180228.86429999955,176
Taymour Grahne - Holland Park,1 Lonsdale Road,London,,Kensington and Chelsea,https://taymourgrahne.com/,217113069,E09000020,Colville,E05009392,51.515206,-0.19969792,525016.3269999996,181122.7708999999,176
Taymour Grahne Projects - The Artist Room,52 Lonsdale Road,London,,Kensington and Chelsea,https://taymourgrahne.com/,217055450,E09000020,Colville,E05009392,51.514732,-0.20159024,524886.3282000003,181066.83330000006,176
DADA Gallery,4 Cromwell Place,London,,Kensington and Chelsea,https://thedadagallery.com/,217021416,E09000020,Brompton & Hans Town,E05009389,51.495116,-0.17460158,526813.3263999997,178931.86060000025,176
IONE & MANN,4 Cromwell Place,London,,Kensington and Chelsea,https://www.ioneandmann.com/,217021416,E09000020,Brompton & Hans Town,E05009389,51.495116,-0.17460158,526813.3263999997,178931.86060000025,176
ammann // projects,4 Cromwell Place,London,,Kensington and Chelsea,https://www.ammann-projects.com/,217021416,E09000020,Brompton & Hans Town,E05009389,51.495116,-0.17460158,526813.3263999997,178931.86060000025,176
Bartha Contemporary,7 Ledbury Mews North,London,,Kensington and Chelsea,https://www.barthacontemporary.com/,217052551,E09000020,Colville,E05009392,51.513711,-0.19952628,525032.3282000003,180956.81680000015,176
Black Box Projects,"4 Cromwell Place, Gallery 3",London,,Kensington and Chelsea,https://blackboxprojects.art/,217021416,E09000020,Brompton & Hans Town,E05009389,51.495116,-0.17460158,526813.3263999997,178931.86060000025,176
Berntson Bhattacharjee Gallery,4 Cromwell Place,London,,Kensington and Chelsea,https://www.bbgallery.art/,217021416,E09000020,Brompton & Hans Town,E05009389,51.495116,-0.17460158,526813.3263999997,178931.86060000025,176
Lehmann Maupin,1 Cromwell Place,London,,Kensington and Chelsea,https://www.lehmannmaupin.com/,217021409,E09000020,Brompton & Hans Town,E05009389,51.494873,-0.17458248,526815.3262999998,178904.8716000002,176
Second Home,Second Home Holland Park,47-49 Princes Place,,Kensington and Chelsea,http://secondhome.io/,217117492,E09000020,Norland,E05009398,51.5075609,-0.208631972,524417.2763,180257.4098000005,176
Buspace,Buspace Studios,5 Conlan Street,,Kensington and Chelsea,http://www.buspace.co.uk/,217018301,E09000020,Golborne,E05009396,51.52495702,-0.209689553,524296.5334999999,182190.10109999962,176
Pall Mall Deposit,124-128 Barlby Road,,,Kensington and Chelsea,https://www.workspace.co.uk/workspaces/pall-mall-deposit,217116767,E09000020,Dalgarno,E05009394,51.523177,-0.21875742,523672.33210000023,181976.8083999995,176
K+C Co-works,210 Old Brompton Rd,London,,Kensington and Chelsea,www.rbkc.gov.uk/kc-co-works,217060921,E09000020,Redcliffe,E05009402,51.490079,-0.18842958,525867.3470000001,178347.89570000023,176
Cadogan Hall,5 Sloane Terrace,,,Kensington and Chelsea,http://www.cadoganhall.com,217078765,E09000020,Royal Hospital,E05009403,51.49386601,-0.157267874,528020.0127999997,178823.00269999914,176
The Gate Theatre,11 Pembridge Road,,,Kensington and Chelsea,https://www.gatetheatre.co.uk/?spektrix_bounce=true,217065685,E09000020,Pembridge,E05009400,51.50952947,-0.197663819,525173.0126999998,180495.00280000083,176
The Tabernacle Trust,THE TABERNACLE 34-35,POWIS SQUARE,,Kensington and Chelsea,https://www.tabernaclew11.com,217070132,E09000020,Colville,E05009392,51.51696816,-0.201881407,524860.0126,181315.0025999993,176
Chelsea Theatre,7 World's End Place,King's Road,,Kensington and Chelsea,http://www.chelseatheatre.org.uk/venue-hire/,217005389,E09000020,Chelsea Riverside,E05009391,51.48164362,-0.17963759,526501.0120999999,177425.00210000016,176
The Gate Theatre,11 Pembridge Road,,,Kensington and Chelsea,https://www.gatetheatre.co.uk/?spektrix_bounce=true,217065685,E09000020,Pembridge,E05009400,51.50952947,-0.197663819,525173.0126999998,180495.00280000083,176
The Tabernacle Trust,THE TABERNACLE 34-35,POWIS SQUARE,,Kensington and Chelsea,https://www.tabernaclew11.com,217070132,E09000020,Colville,E05009392,51.51696816,-0.201881407,524860.0126,181315.0025999993,176
Sharp Cut,196H Campden Hill Road,,,Kensington and Chelsea,http://www.sharp-cut.com/,217011263,E09000020,Campden,E05009390,51.50841729,-0.199609937,525041.0126,180368.0025999993,176
Malcolm Betts Limited,"5 Campden St, London W8 7EP",,,Kensington and Chelsea,https://www.malcolmbetts.com/,217011358,E09000020,Campden,E05009390,51.50703,-0.19515,525354.3079000004,180221.35510000028,176
Pall Mall Deposit,"124-128 Barlby Road, Kensington and Chelsea London",,,Kensington and Chelsea,https://www.workspace.co.uk/workspaces/pall-mall-deposit,217116767,E09000020,Dalgarno,E05009394,51.523177,-0.21875742,523672.33210000023,181976.8083999995,176
Mariasolef Limited,2b Ledbury Mews North,,,Kensington and Chelsea,,217116547,E09000020,Pembridge,E05009400,51.51352988,-0.197006686,525207.6470999997,180940.9793999996,176
Coleman Douglas Pearls Ltd,42 Beauchamp Place,,,Kensington and Chelsea,http://www.pearls.co.uk,217107523,E09000020,Brompton & Hans Town,E05009389,51.49687061,-0.163184467,527600.9254000001,179146.79729999974,176
Chelsea Library,,,,Kensington and Chelsea,,217105143,E09000020,Royal Hospital,E05009403,51.48695911,-0.166593622,527391.9073000001,178038.69270000048,176
Brompton Library,,,,Kensington and Chelsea,,217060921,E09000020,Redcliffe,E05009402,51.48956716,-0.186830684,525979.7539999997,178293.72589999996,176
Kensington Central Library,,,,Kensington and Chelsea,,217125485,E09000020,Queen's Gate,E05009401,51.50090763,-0.19283156,525532.0152000003,179544.50599999912,176
Notting Hill Gate Library,,,,Kensington and Chelsea,,217105238,E09000020,Pembridge,E05009400,51.51076859,-0.195818555,525297.6596999997,180635.94989999942,176
North Kensington Library,,,,Kensington and Chelsea,,217048255,E09000020,Colville,E05009392,51.51615689,-0.207627437,524463.5619000001,181215.00870000012,176
Kensal Library,,,,Kensington and Chelsea,,217035223,E09000020,Golborne,E05009396,51.52333382,-0.205283983,524606.5698999995,182017.08359999955,176
Queen's Park library,,,,Kensington and Chelsea,,100023433123,E09000020,Golborne,E05009396,51.52651654,-0.209340014,524316.5339000002,182364.1166999992,176
Goldfinger Factory,Goldfinger Factory,Trellick Tower,13-15 Golborne Roa,Kensington and Chelsea,www.goldfingerfactory.com,217034922,E09000020,Golborne,E05009396,51.52366817,-0.205437435,524595.0125000002,182054.00310000032,176
Glass Academy London,46B Stoneleigh Street,London,,Kensington and Chelsea,https://glassacademy.london/,217083545,E09000020,Notting Dale,E05009399,51.511278,-0.21625285,523878.3476999998,180657.84439999983,176
Adam Dawe Design Limited,33 St Charles Square,,,Kensington and Chelsea,http://www.adamdawedesign.co.uk,217080087,E09000020,St. Helen's,E05009404,51.51942594,-0.212631056,524107.5187999997,181570.04439999908,176
The Clockmakers' Museum,Exhibition Road,Kensington,NA,Kensington and Chelsea,http://www.clockmakers.org/,217031151,E09000020,Brompton & Hans Town,E05009389,51.49678399,-0.174916546,526786.8366,179116.79839999974,176
Leighton House Museum,12 Holland Park Road,NA,NA,Kensington and Chelsea,http://http/www.rbkc.gov.uk/subsites/museums.aspx,217039506,E09000020,Abingdon,E05009388,51.49807644,-0.201521502,524936.6332999999,179214.8191999998,176
Design Museum,224-238 Kensington High Street (Holland Park),NA,NA,Kensington and Chelsea,http://designmuseum.org/,217044656,E09000020,Campden,E05009390,51.49936312,-0.198585083,525136.9238,179362.91149999946,176
Kensington Palace (State Apartments and Royal Ceremon,Kensington Palace/Palace Green,NA,NA,Kensington and Chelsea,http://www.hrp.org.uk%0Bwww.kensingtonpalace@hrp.org.uk/,217064431,E09000020,Campden,E05009390,51.50468832,-0.18644659,525964.7383000003,179975.8844000008,176
National Army Museum,Royal Hospital Road,Chelsea,NA,Kensington and Chelsea,http://www.nam.ac.uk/,217075883,E09000020,Royal Hospital,E05009403,51.48571566,-0.158760019,527939.2362000002,177914.06689999998,176
RIBA Drawings and Archives Collections,Victoria and Albert Museum,Cromwell Road,Knightsbridge,Kensington and Chelsea,https://www.architecture.com/about/riba-library-and-collections,217108016,E09000020,Brompton & Hans Town,E05009389,51.49639021,-0.170521415,527093.0004000003,179080.62409999967,176
Natural History Museum,Cromwell Road,NA,NA,Kensington and Chelsea,http://www.nhm.ac.uk/,217108017,E09000020,Brompton & Hans Town,E05009389,51.49605236,-0.175291575,526762.8348000003,179034.7912000008,176
Carlyle's House,24 Cheyne Row,NA,NA,Kensington and Chelsea,https://www.nationaltrust.org.uk/carlyles-house,217110505,E09000020,Chelsea Riverside,E05009391,51.48361945,-0.168124823,527294.8913000003,177664.65440000035,176
The Science Museum,Exhibition Rd,Kensington,NA,Kensington and Chelsea,https://www.sciencemuseum.org.uk/,217118723,E09000020,Brompton & Hans Town,E05009389,51.49678399,-0.174916546,526786.8366,179116.79839999974,176
Victoria and Albert Museum,Cromwell Road,South Kensington,NA,Kensington and Chelsea,http://www.vam.ac.uk/,217119925,E09000020,Brompton & Hans Town,E05009389,51.49643156,-0.170623933,527085.7696000002,179085.04439999908,176
Saatchi Gallery,"Duke of York's HQ, King's Road",London,SW3 4RY,Kensington and Chelsea,https://www.saatchigallery.com/,217110596,E09000020,Royal Hospital,E05009403,51.490723,-0.15880202,527922.3129000003,178470.81629999913,176
The Mosaic Rooms,226 Cromwell Road,,SW5 0SW,Kensington and Chelsea,https://mosaicrooms.org/,See notes,E09000020,Abingdon,E05009388,51.49487,-0.19535,525373.7856000001,178868.79900000058,176
Museum of Brands,111 – 117 Lancaster Road,Notting Hill,W11 1QT,Kensington and Chelsea,https://museumofbrands.com/,See notes,E09000020,Notting Dale,E05009399,51.5163,-0.21102,524227.79110000003,181225.1638999991,176
Chelsea Physic Garden,66 Royal Hospital Road,Chelsea,NA,Kensington and Chelsea,https://www.chelseaphysicgarden.co.uk/,217102618,E09000020,Royal Hospital,E05009403,51.484858,-0.16268225,527669.3180999998,177811.85229999945,176
Boujis,43 Thurloe St; South Kensington; London SW7 2LQ; U,,,Kensington and Chelsea,http://www.boujis.com,217086863,E09000020,Brompton & Hans Town,E05009389,51.494621,-0.174016,526855.3469000002,178877.82939999923,176
Mode,12 Acklam Road; London W10 5QZ; United Kingdom,,,Kensington and Chelsea,,217111336,E09000020,Golborne,E05009396,51.519877,-0.205791,524580.8284999998,181631.81499999948,176
Notting Hill Arts Club,21 Notting Hill Gate; Notting Hill; London W11 3JQ,Kensington And Chelsea,19-21 Notting Hill,Kensington and Chelsea,www.nottinghillartsclub.com,217059366,E09000020,Campden,E05009390,51.509376,-0.19455,525389.5062999995,180483.2617000006,176
Pizza Express (The Pheasantry),"The Pheasantry, 152/154 King's Road",,,Kensington and Chelsea,www.pizzaexpresslive.com/venues/chelsea-the-pheasantry,217047024,E09000020,Royal Hospital,E05009403,51.48857143,-0.163878229,527575.9265999999,178222.7089000009,176
Troubadour,263-267 Old Brompton Rd,,,Kensington and Chelsea,https://www.troubadourlondon.com/,217114565,E09000020,Redcliffe,E05009402,51.48832093,-0.189991804,525763.7315999996,178149.71319999918,176
Montezuma London Club,17 Harrington Road,Kensington And Chelsea,17 Harrington Road,Kensington and Chelsea,www.montezumalondon.com,217036855,E09000020,Courtfield,E05009393,51.49347152,-0.174155601,526848.8459000001,178749.76380000077,176
Number Ten,10 Golborne Road; North Kensington; London W10 5PE,,,Kensington and Chelsea,http://www.number10london.com,217101406,E09000020,Golborne,E05009396,51.523995,-0.206332,524532.0650000004,182088.8258999996,176
Valmont Club,"266 Fulham Rd, Chelsea, London, SW10 9TY",,,Kensington and Chelsea,http://www.thevalmontclub.com,,E09000020,Redcliffe,E05009402,51.484379,-0.183895,526197.8653999995,177721.8434999995,176
Mango Lounge,"306 Earls Court Rd, SW5 9BA London",,,Kensington and Chelsea,,217026302,E09000020,Earl's Court,E05009395,51.490191,-0.191043,525685.6131999996,178355.8644999992,176
Vaudeville Club,"1-3 Trebovir Rd, Earls Court, London SW5 9LS",,,Kensington and Chelsea,,,E09000020,Earl's Court,E05009395,51.492473,-0.194155,525463.3132999996,178604.29370000027,176
Warehouse W10,"Conlan Street, W10 5DE, London",,,Kensington and Chelsea,,,E09000020,Golborne,E05009396,51.525619,-0.210785,524218.7432000004,182261.8563000001,176
Hyde,"1A Kensington High Street, W8 5NP, United Kingdom",Kensington And Chelsea,1 Kensington High ,Kensington and Chelsea,,217044013,E09000020,Queen's Gate,E05009401,51.502171,-0.187523,525896.9725000001,179694.10380000062,176
Subterania,"12 Acklam Rd, London W10 5QS",,,Kensington and Chelsea,https://subterania.net/,,E09000020,Golborne,E05009396,51.519754,-0.205805,524580.1926999995,181618.1132999994,176
Unit 4,Elkstone Road,,,Kensington and Chelsea,,,E09000020,Golborne,E05009396,51.52231,-0.203159982,524756.7105999999,181906.84830000065,176
Olympia,Hammersmith Rd,London,Hammersmith Rd,Kensington and Chelsea,Olympia London |,,E09000020,Holland,E05009397,51.499144651,-0.208450001,524452.8244000003,179321.81489999965,176
606 Club (The),90 Lots Road,,,Kensington and Chelsea,https://www.606club.co.uk,,E09000020,Chelsea Riverside,E05009391,51.47862,-0.181109961,526407.1262999997,177086.22729999945,176
Maggie's Club ,329 Fulham Rd,,329 Fulham Rd,Kensington and Chelsea,Maggie's Club - The 80s are back! Chelsea's premier eighties nightclub (maggies-club.com),,E09000020,Stanley,E05009405,51.486389982,-0.18005996,526458.5746999998,177952.08080000058,176
Notting Hill Arts Club,21 Notting Hill Gate; Notting Hill; London W11 3JQ,Kensington And Chelsea,19-21 Notting Hill,Kensington and Chelsea,www.nottinghillartsclub.com,217059366,E09000020,Campden,E05009390,51.509376,-0.19455,525389.5062999995,180483.2617000006,176
Pizza Express (The Pheasantry),"The Pheasantry, 152/154 King's Road",,,Kensington and Chelsea,www.pizzaexpresslive.com/venues/chelsea-the-pheasantry,217047024,E09000020,Royal Hospital,E05009403,51.48857143,-0.163878229,527575.9265999999,178222.7089000009,176
Troubadour,263-267 Old Brompton Rd,,,Kensington and Chelsea,https://www.troubadourlondon.com/,217114565,E09000020,Redcliffe,E05009402,51.48832093,-0.189991804,525763.7315999996,178149.71319999918,176
606 Club (The),90 Lots Road,,,Kensington and Chelsea,https://www.606club.co.uk,,E09000020,Chelsea Riverside,E05009391,51.47862,-0.181109961,526407.1262999997,177086.22729999945,176
Unit 4,Elkstone Road,,,Kensington and Chelsea,,,E09000020,Golborne,E05009396,51.52231,-0.203159982,524756.7105999999,181906.84830000065,176
Boujis,43 Thurloe St; South Kensington; London SW7 2LQ; U,,,Kensington and Chelsea,http://www.boujis.com,217086863,E09000020,Brompton & Hans Town,E05009389,51.494621,-0.174016,526855.3469000002,178877.82939999923,176
Mode,12 Acklam Road; London W10 5QZ; United Kingdom,,,Kensington and Chelsea,,217111336,E09000020,Golborne,E05009396,51.519877,-0.205791,524580.8284999998,181631.81499999948,176
Montezuma London Club,17 Harrington Road,Kensington And Chelsea,17 Harrington Road,Kensington and Chelsea,www.montezumalondon.com,217036855,E09000020,Courtfield,E05009393,51.49347152,-0.174155601,526848.8459000001,178749.76380000077,176
Valmont Club,"266 Fulham Rd, Chelsea, London, SW10 9TY",,,Kensington and Chelsea,http://www.thevalmontclub.com,,E09000020,Redcliffe,E05009402,51.484379,-0.183895,526197.8653999995,177721.8434999995,176
Mango Lounge,"306 Earls Court Rd, SW5 9BA London",,,Kensington and Chelsea,,217026302,E09000020,Earl's Court,E05009395,51.490191,-0.191043,525685.6131999996,178355.8644999992,176
Vaudeville Club,"1-3 Trebovir Rd, Earls Court, London SW5 9LS",,,Kensington and Chelsea,,,E09000020,Earl's Court,E05009395,51.492473,-0.194155,525463.3132999996,178604.29370000027,176
Warehouse W10,"Conlan Street, W10 5DE, London",,,Kensington and Chelsea,,,E09000020,Golborne,E05009396,51.525619,-0.210785,524218.7432000004,182261.8563000001,176
Hyde,"1A Kensington High Street, W8 5NP, United Kingdom",Kensington And Chelsea,1 Kensington High ,Kensington and Chelsea,,217044013,E09000020,Queen's Gate,E05009401,51.502171,-0.187523,525896.9725000001,179694.10380000062,176
Notting Hill Arts Club,21 Notting Hill Gate; Notting Hill; London W11 3JQ,Kensington And Chelsea,19-21 Notting Hill,Kensington and Chelsea,www.nottinghillartsclub.com,217059366,E09000020,Campden,E05009390,51.509376,-0.19455,525389.5062999995,180483.2617000006,176
Maggie's Club ,329 Fulham Rd,,329 Fulham Rd,Kensington and Chelsea,Maggie's Club - The 80s are back! Chelsea's premier eighties nightclub (maggies-club.com),,E09000020,Stanley,E05009405,51.486389982,-0.18005996,526458.5746999998,177952.08080000058,176
Pirate Studios - Notting Hill,58 Bard Road,Notting Hill,,Kensington and Chelsea,http://piratestudios.co.uk,217002897,E09000020,Notting Dale,E05009399,51.51182257,-0.218095429,523749.0173000004,180715.2873999998,176
Sleeper Sounds,1-3 Middle Row,,,Kensington and Chelsea,https://milocostudios.com/studios/sleeper-sounds/location-and-map/,217057604,E09000020,Golborne,E05009396,51.52516659,-0.210236494,524258.0228000004,182212.47770000063,176
Mastering The Mix,14a Wrights Lane,Kensington And Chelsea,,Kensington and Chelsea,,217094356,E09000020,Abingdon,E05009388,51.49868859,-0.19103636,525662.7119000005,179300.82230000012,176
Sarm Studios,12 Darblay Street,Soho,,Kensington and Chelsea,http://www.sarmstudios.com,217106572,E09000020,Colville,E05009392,51.51496474,-0.20729947,524489.5661000004,181082.99640000053,176
Studio 308,Westbourne Studios,242 Acklam Road,,Kensington and Chelsea,www.electricmastering.com,217115482,E09000020,Golborne,E05009396,51.52093778,-0.201514665,524874.6023000004,181757.05819999985,176
Arcadium Studios,124-128 Barlby Rd ,,,Kensington and Chelsea,,217101244,E09000020,Dalgarno,E05009394,51.52277129,-0.217344069,523771.47750000004,181934.07990000024,176
Jukebox Studios ,Unit 24 Pall Mall Deposit,124-128 Barlby Road,,Kensington and Chelsea,https://www.jukeboxstudios.co.uk/,217101238,E09000020,Dalgarno,E05009394,51.523042,-0.21879149,523670.3343000002,181961.73860000074,176
Pirate Studios - Notting Hill,58 Bard Road,Notting Hill,,Kensington and Chelsea,http://piratestudios.co.uk,217104975,E09000020,Notting Dale,E05009399,51.5122,-0.21939,523658.1673999997,180755.0722000003,176
Scream Studios,20a South End,Croydon,,Kensington and Chelsea,www.screamstudios.net,No UPRN,E09000020,Queen's Gate,E05009401,51.49949,-0.18914,525792.1283,179393.19459999911,176
Adam Dawe Design Limited,33 St Charles Square,,,Kensington and Chelsea,http://www.adamdawedesign.co.uk,217080087,E09000020,St. Helen's,E05009404,51.51942594,-0.212631056,524107.5187999997,181570.04439999908,176
Costume Boutique,"26, 10 Acklam Rd",London,,Kensington and Chelsea,https://www.costumeboutique.co.uk,No UPRN,E09000020,Golborne,E05009396,51.51938,-0.20636,524542.7089999998,181575.57990000024,176
London Atelier,Studio 7,160 Barlby Road,,Kensington and Chelsea,http://www.londonatelier.com/,217120729,E09000020,Dalgarno,E05009394,51.52308058,-0.215594042,523892.0406999998,181971.43249999918,176
Adam Dawe Design Limited,33 St Charles Square,,,Kensington and Chelsea,http://www.adamdawedesign.co.uk,217080087,E09000020,St. Helen's,E05009404,51.51942594,-0.212631056,524107.5187999997,181570.04439999908,176
Keam George Agency,"Unit 125, Westbourne Studios",242 Acklam Rd,,Kensington and Chelsea,https://www.kgagency.co.uk/,See notes,E09000020,Golborne,E05009396,51.52143,-0.20312,524761.8885000004,181809.0583999995,176
Helena Gavshon Design for Textiles,"6 Southam Street, London W10 5PH",,,Kensington and Chelsea,https://www.helenagavshon.com,217106275,E09000020,Golborne,E05009396,51.523264,-0.20739492,524460.3230999997,182005.7302000001,176
The Pottery Lane Art Centre,"95 Princedale Rd, Notting Hill Gate, London W11 4N",,,Kensington and Chelsea,https://www.the-place.uk/,No UPRN,E09000020,Notting Dale,E05009399,51.50978,-0.21154,524209.44120000023,180499.2438999992,176
Chelsea Theatre,7 World's End Place,King's Road,,Kensington and Chelsea,http://www.chelseatheatre.org.uk/venue-hire/,217005389,E09000020,Chelsea Riverside,E05009391,51.48164362,-0.17963759,526501.0120999999,177425.00210000016,176
Chelsea Theatre,7 World's End Place, King's Rd, Chelsea,Kensington and Chelsea,http://www.chelseatheatre.org.uk/,217005389,E09000020,Chelsea Riverside,E05009391,51.481643,-0.17966183,526499.3307999996,177424.89130000025,176
The Tabernacle W11,34-35 Powis Square,,,Kensington and Chelsea,https://www.thetabernaclew11.com/,217070132,E09000020,Colville,E05009392,51.516967,-0.20190578,524858.3247999996,181314.83210000023,176
Royal Court Theatre,Sloane Square, Chelsea,,Kensington and Chelsea,https://royalcourttheatre.com/events/,217078033,E09000020,Royal Hospital,E05009403,51.49261,-0.15642112,528082.3085000003,178684.8125,176
Associated Studios,204 Latimer Road,,,Kensington and Chelsea,https://associatedstudios.co.uk/studio-hire/,217052222,E09000020,St. Helen's,E05009404,51.516528,-0.2226777,523418.3459999999,181230.8110000007,176
Chelsea Theatre,7 World's End Place, King's Rd, Chelsea,Kensington and Chelsea,http://www.chelseatheatre.org.uk/,217005389,E09000020,Stanley,E05009405,51.48215635,-0.18123719,526388.5308999997,177479.25909999944,176
Opera Holland Park Theatre,Ilchester Place, Kensington,,Kensington and Chelsea,http://www.operahollandpark.com/,217038848,E09000020,Holland,E05009397,51.50115652,-0.204449343,524725.0085000005,179552.34160000086,176
The Coronet,103 Notting Hill Gate, Kensington,,Kensington and Chelsea,https://www.the-print-room.org/,217059398,E09000020,Pembridge,E05009400,51.50899645,-0.200485076,524978.6995000001,180430.91310000047,176
The Tabercle W11,34-35 Powis Square,,,Kensington and Chelsea,https://www.tabernaclew11.com/,217070132,E09000020,Colville,E05009392,51.51721063,-0.203143963,524771.7537000002,181339.81450000033,176
Royal Court Theatre,Sloane Square, Chelsea,,Kensington and Chelsea,https://royalcourttheatre.com/,217078033,E09000020,Royal Hospital,E05009403,51.49312267,-0.157998904,527971.3488999996,178739.06530000083,176
Cadogan Hall,5 Sloane Terrace, Belgravia,,Kensington and Chelsea,https://www.cadoganhall.com/,217078765,E09000020,Royal Hospital,E05009403,51.49394058,-0.159103815,527892.3624999998,178828.08880000003,176
Drayton Arms Theatre,153 Old Brompton Road,,,Kensington and Chelsea,http://www.thedraytonarmstheatre.co.uk/index.php,217101579,E09000020,Redcliffe,E05009402,51.49115439,-0.185157211,526091.5519000003,178473.10679999925,176
Gate Theatre,11 Pembridge Rd, Notting Hill,,Kensington and Chelsea,https://www.gatetheatre.co.uk/,217105236,E09000020,Pembridge,E05009400,51.51003837,-0.199262214,525060.7045999998,180548.8635000009,176
Finborough Theatre,118 Finborough Road, Kensington,,Kensington and Chelsea,http://www.finboroughtheatre.co.uk/,217112560,E09000020,Redcliffe,E05009402,51.48666973,-0.191110467,525690.6087999996,177964.1777999997,176
