name,address1,address2,address3,borough_name,website,os_addressbase_uprn,borough_code,ward_2022_name,ward_2022_code,latitude,longitude,easting,northing,fme_feature_type.total_count
Ealing Local History Centre,Central Library ,103 Ealing Broadway Centre  The Broad,W5 5JY,Ealing,https://www.ealing.gov.uk/info/201129/local_history/1888/local_history_centre/1,12148296,E09000009,Ealing Broadway,E05013520,51.51233212,-0.302370117,517900.0125000002,180633.00329999998,106
National Childbirth Trust,Alexandra House ,Oldham Terrace ,W3 6NH,Ealing,https://www.nct.org.uk/,12102911,E09000009,South Acton,E05013536,51.50593843,-0.269739395,520181.0119000003,179975.00239999965,106
University West of England Archives ,University of West London,St Mary's Road ,W5 5RF,Ealing,https://www.uwl.ac.uk/current-students/library/about-library-and-archive/university-west-london-archive,,E09000009,Ealing Common,E05013521,51.50700614,-0.30312115,517861.63829999976,180039.5259000007,106
Colville Rd Studios,Units 2 and 4,11 Colville Rd,,Ealing,www.acava.org,12093573,E09000009,South Acton,E05013536,51.49926169,-0.273723932,519922.01209999993,179226.0022,106
Vale Grove,Impress House,,,Ealing,www.acava.org,12155317,E09000009,Southfield,E05013540,51.50562536,-0.261336032,520765.01209999993,179954.00180000067,106
West London Art Factory, 153 Dukes Rd,,,Ealing,http://www.westlondonartfactory.com/about-us,12187273,E09000009,North Acton,E05013527,51.5238037,-0.28239624,519256.01240000036,181941.00170000084,106
Queensrolla House,18 Trading Estate Road,,,Ealing,http://queensrollahouse.com/,12181846,E09000009,North Acton,E05013527,51.52628079,-0.269213144,520164.01219999976,182238.00210000016,106
Park Royal,Unit A/B,28 - 30 Park Royal Rd,,Ealing,www.acava.org,12105792,E09000009,North Acton,E05013527,51.52689275,-0.267416716,520287.01240000036,182309.00200000033,106
52-56 Standard Road,"Park Royal, London ",,,Ealing,www.artistic-spaces.co.uk,12189460,E09000009,North Acton,E05013527,51.52830491,-0.263787706,520535.01350000035,182472.0033999998,106
Stewkley House,2 Wadsworth Rd ,,,Ealing,www.acava.org,12181269,E09000009,Perivale,E05013534,51.53620195,-0.317631001,516780.01219999976,183263.00269999914,106
Excelsior London,Sunbeam Road,North Acton,,Ealing,https://www.excelsior.london/,10092033712,E09000009,North Acton,E05013527,51.525737,-0.26354833,520558.39690000005,182186.8370999992,106
Gorst Road Studios,42 Gorst Rd,Park Royal,,Ealing,https://gorstroad.rocketspark.co.uk/,12130599,E09000009,North Acton,E05013527,51.526773,-0.26493608,520459.3992999997,182299.76109999977,106
Vue Acton,Royale Leisure Park,Western Ave,W3 0PA,Ealing,,12148223,E09000009,North Acton,E05013527,51.525711,-0.28130951,519326.41559999995,182154.86999999918,106
Ealing Project ,Ealing Broadway Centre,1 High St  ,W5 5DB,Ealing,,,E09000009,Ealing Broadway,E05013520,51.51272,-0.30432,517763.7123999996,180673.00310000032,106
Felix & Spear,71 St. Mary's Road,London ,,Ealing,https://www.felixandspear.com/,12083138,E09000009,Ealing Common,E05013521,51.504988,-0.30515836,517725.46160000004,179811.82770000026,106
OPEN Ealing,"Unit 14, School Lane Dickens Yard",,,Ealing,https://openealing.com,12181007,E09000009,Ealing Broadway,E05013520,51.513877,-0.3060391,517641.4472000003,180798.90609999932,106
Open Ealing,Open Ealing,Singapore Road,West Ealing,Ealing,https://openealing.com,12175823,E09000009,Hanwell Broadway,E05013525,51.51040312,-0.324927276,516339.7121000001,180382.4475999996,106
Artistic Spaces Ltd,52-56 Standard Road,"Park Royal, London",,Ealing,www.artistic-spaces.co.uk,12124954,E09000009,North Acton,E05013527,51.52727166,-0.264358701,520498.1338999998,182356.16330000013,106
Standard Studios Ltd. ,9 Standard Road,Park Royal,,Ealing,https://www.standardstudios.ltd/, 12117244,E09000009,North Acton,E05013527,51.528252,-0.26154965,520690.3929000003,182469.8041999992,106
Wow Acton,Wendover Court,Western Avenue,,Ealing,https://www.wowworkspaces.co.uk/locations/wow-acton,See notes,E09000009,North Acton,E05013527,51.52581,-0.2722,519958.0604999997,182180.7541000005,106
Wow Ealing,Brentham Old Power Station,Western Ave,,Ealing,https://www.wowworkspaces.co.uk/locations/wow-ealing,12146470,E09000009,Hanger Hill,E05013524,51.530617,-0.29646473,518262.4171000002,182675.87150000036,106
Gorst Road Studios,42 Gorst Rd,Park Royal,,Ealing,https://gorstroad.rocketspark.co.uk/,12130599,E09000009,North Acton,E05013527,51.526773,-0.26493608,520459.3992999997,182299.76109999977,106
Lawrence Hall,West London University,St Mary's Rd,,Ealing,http://www.uwl.ac.uk,12153715,E09000009,Ealing Common,E05013521,51.50656547,-0.304688388,517754.0126,179988.00320000015,106
Brentside,377 Greenford Avenue,,,Ealing,http://www.brentsidehigh.ealing.sch.uk,12141082,E09000009,North Hanwell,E05013529,51.52655631,-0.33995693,515256.01130000036,182155.00249999948,106
Questor's Theatre,12 Mattock Lane,,,Ealing,http://www.questors.org.uk,12084402,E09000009,Walpole,E05013541,51.51170889,-0.309656624,517396.0115,180552.00430000015,106
Elthorne Park High School,Westlea Road,,,Ealing,http://www.ephs.ealing.sch.uk,12141191,E09000009,Northfield,E05013530,51.50062773,-0.330843093,515954.01130000036,179286.00379999913,106
"Innovation Dance Studios, Ealing",96 Pitshanger Lane,,,Ealing,www.innovationdancestudios.co.uk/ealing-dance-studio/studio-hire/,12185360,E09000009,Pitshanger,E05013535,51.52622881,-0.313832651,517069.0114000002,182160.0041000005,106
West London University,St Mary's Rd,,,Ealing,http://www.uwl.ac.uk,12153715,E09000009,Ealing Common,E05013521,51.50656547,-0.304688388,517754.0126,179988.00320000015,106
Brentside,377 Greenford Avenue,,,Ealing,http://www.brentsidehigh.ealing.sch.uk,12141082,E09000009,North Hanwell,E05013529,51.52655631,-0.33995693,515256.01130000036,182155.00249999948,106
Questor's Theatre,12 Mattock Lane,,,Ealing,http://www.questors.org.uk,12084402,E09000009,Walpole,E05013541,51.51170889,-0.309656624,517396.0115,180552.00430000015,106
Sample House,10B Cullen Way,,,Ealing,https://www.sample-studio.co.uk,12105583,E09000009,North Acton,E05013527,51.52507939,-0.265193459,520446.01290000044,182111.00280000083,106
Park Royal Works,"Park Royal Business Centre, 9-17 Park Royal Rd, Lo",,,Ealing,https://parkroyalworks.com,See notes,E09000009,North Acton,E05013527,51.52559,-0.26586,520398.42980000004,182166.68879999965,106
West 5 ,Popes Lane,South Ealing,W5 4NB,Ealing,http://www.west5ealing.co.uk/contact.html,12142998,E09000009,Northfield,E05013530,51.49878875,-0.302982363,517892.46470000036,179125.9452999998,106
Northfields Library,,,,Ealing,,12004049,E09000009,Northfield,E05013530,51.49852209,-0.312582853,517226.7871000003,179080.8962999992,106
Southall Library (Dominion Centre and Library),,,,Ealing,,12020455,E09000009,Southall Green,E05013538,51.50287467,-0.377570641,512705.29000000004,179462.95790000074,106
Acton Town Hall Library,,,,Ealing,,12180771,E09000009,South Acton,E05013536,51.50589642,-0.26632407,520418.13790000044,179975.93689999916,106
West Ealing Library,,,,Ealing,,12002863,E09000009,Walpole,E05013541,51.50898637,-0.322962116,516479.68989999965,180228.02009999938,106
Hanwell Library,,,,Ealing,,12001465,E09000009,Hanwell Broadway,E05013525,51.50942108,-0.334533647,515675.59970000014,180258.03050000034,106
Ealing Central Library,,,,Ealing,,12148296,E09000009,Ealing Broadway,E05013520,51.51182412,-0.300805858,518009.8668999998,180579.02859999985,106
Jubilee Gardens Library,,,,Ealing,,12000640,E09000009,Lady Margaret,E05013526,51.52072747,-0.367926306,513330.3417999996,181463.16229999997,106
Pitshanger Library,,,,Ealing,,12132976,E09000009,Pitshanger,E05013535,51.52539097,-0.31235373,517173.75100000016,182069.1958000008,106
Greenford Library,,,,Ealing,,12001186,E09000009,Greenford Broadway,E05013523,51.52930578,-0.353676795,514297.43180000037,182439.2575000003,106
Northolt Library,,,,Ealing,,12140961,E09000009,Northolt West End,E05013532,51.53913239,-0.383852769,512180.24739999976,183485.3895999994,106
Perivale Library,,,,Ealing,,12003797,E09000009,Perivale,E05013534,51.54009645,-0.32248201,516433.64549999963,183688.3708999995,106
Northolt Leisure Centre Library,,,,Ealing,,12173354,E09000009,Northolt Mandeville,E05013531,51.54839666,-0.366920507,513331.4550999999,184541.7106999997,106
Wood End Library,,,,Ealing,,12001293,E09000009,North Greenford,E05013528,51.55227084,-0.348289165,514613.48979999963,185001.5287999995,106
Machine Shop Special Effects,180 Acton Lane,,,Ealing,http://www.machineshop.co.uk/contact/,202136775,E09000009,North Acton,E05013527,51.5335341,-0.259707946,520804.1634999998,183060.22690000013,106
TDC Cordless Lighting (c/o The Classic Prop Hire Co L,International Trading Estate,Unit 8 Trident Way,London,Ealing,https://www.tdccordlesslighting.com/,12021676,E09000009,Southall Green,E05013538,51.49992,-0.40147296,511053.5843000002,179097.86800000072,106
CNC London,25 Gorst Road,Park Royal,,Ealing,https://www.cncserviceslondon.co.uk/,12117252,E09000009,North Acton,E05013527,51.527028,-0.2626919,520614.3953,182331.81020000018,106
Advanced Fabrications Ltd,Unit 4 Boston Business Park,Trumpers Way,London,Ealing,https://www.advancedfabrications.com/film-tv/,12001326,E09000009,Hanwell Broadway,E05013525,51.49966,-0.33938637,515363.49849999975,179164.90240000002,106
Brett Manley Glass,"18, Stewkley House",2 Wadsworth Rd, Perivale,Ealing,https://www.brettmanley.co.uk/,12197963,E09000009,Perivale,E05013534,51.536201,-0.31765404,516778.4167999998,183262.8604000006,106
Angle Glass,"Studio 20, West London Art Factory",153 Dukes Road,NA,Ealing,https://angleglass.co.uk/r,12096649,E09000009,North Acton,E05013527,51.525619,-0.28302844,519207.4177000001,182141.84119999968,106
Sterling Studios,"Unit D, Trading Estate Road",Western Trading Estate,London,Ealing,https://www.sterling-studios.com/,12010802,E09000009,North Acton,E05013527,51.525977,-0.26822434,520233.40199999977,182205.84180000052,106
Metal Supermarkets,Units 10 & 11 Hanover West Industrial Estate,161 Acton Lane,Park Royal,Ealing,https://www.metalsupermarkets.co.uk/,12142674,E09000009,North Acton,E05013527,51.531967,-0.26406099,520506.392,182878.7907999996,106
Euro Sheet Metal,6 Aintree Road,London,,Ealing,https://www.eurosheetmetal.co.uk/,12078024,E09000009,Perivale,E05013534,51.537207,-0.3163048,516869.4138000002,183376.88340000063,106
Pitzhanger Manor & Gallery,Mattock Lane,London,W5 5EQ,Ealing,https://www.pitzhanger.org.uk/,12141314,E09000009,Walpole,E05013541,51.510907,-0.3071148,517574.45210000034,180466.90430000052,106
Pitzhanger Manor House & Gallery,Walpole Park,Mattock Lane,,Ealing,http://www.pitzhanger.org.uk/#,12141314,E09000009,Walpole,E05013541,51.510907,-0.3071148,517574.45210000034,180466.90430000052,106
Club 181 West,"181 Uxbridge Road, West Ealing, London W13 9AA",,,Ealing,,12130073,E09000009,Walpole,E05013541,51.511212,-0.317392,516860.5270999996,180484.38739999942,106
Red Room (Ealing Jazz Club),42a The Broadway,,,Ealing,www.ealingclub.com/,12133012,E09000009,Ealing Broadway,E05013520,51.5139036,-0.300944676,517994.8629999999,180810.05150000006,106
The George & The Dragon,183-185 High Street,,,Ealing,,12103477,E09000009,South Acton,E05013536,51.5067185,-0.270227218,520145.10730000027,180060.94879999943,106
Addictive Bar,28 Park Royal Road London NW10 7JW,,,Ealing,,12141434,E09000009,North Acton,E05013527,51.526758,-0.267183,520303.57930000033,182294.40110000037,106
West Five Bar,"Popes Ln, S Ealing Rd, London W5 4NT",,,Ealing,,,E09000009,Ealing Common,E05013521,51.499050009,-0.30229996,517939.1556000002,179156.0957999993,106
Red Room (Ealing Jazz Club),42a The Broadway,,,Ealing,www.ealingclub.com/,12133012,E09000009,Ealing Broadway,E05013520,51.5139036,-0.300944676,517994.8629999999,180810.05150000006,106
Club 181 West,"181 Uxbridge Road, West Ealing, London W13 9AA",,,Ealing,,12130073,E09000009,Walpole,E05013541,51.511212,-0.317392,516860.5270999996,180484.38739999942,106
Addictive Bar,28 Park Royal Road London NW10 7JW,,,Ealing,,12141434,E09000009,North Acton,E05013527,51.526758,-0.267183,520303.57930000033,182294.40110000037,106
Red Room (Ealing Jazz Club),42a The Broadway,,,Ealing,www.ealingclub.com/,12133012,E09000009,Ealing Broadway,E05013520,51.5139036,-0.300944676,517994.8629999999,180810.05150000006,106
West Five Bar,"Popes Ln, S Ealing Rd, London W5 4NT",,,Ealing,,,E09000009,Ealing Common,E05013521,51.499050009,-0.30229996,517939.1556000002,179156.0957999993,106
Fx Rentals Ltd,38-40 Telford Way,Ealing,,Ealing,http://www.fxgroup.net,12117562,E09000009,East Acton,E05013522,51.52001731,-0.2530731,521300.2246000003,181568.07740000077,106
Westpoint Studios ,GA 39 to 40 Westpoint Building,Warple Way,,Ealing,https://www.westpointstudio.com/ / https://milocostudios.com/studios/westpoint-studios/location/, 12149843,E09000009,Southfield,E05013540,51.504359,-0.25549952,521173.4118999997,179822.8127999995,106
Nomad Studios,153 Dukes Rd,,,Ealing,https://nomadmusicstudio.com/, 12096649,E09000009,North Acton,E05013527,51.525619,-0.28302844,519207.4177000001,182141.84119999968,106
Allegiance Music Group,"Unit 11, 186 Brent Crescent ",,,Ealing,https://www.allegiancemusicgroup.com/, 12093451,E09000009,Hanger Hill,E05013524,51.535098,-0.29112113,518621.40919999965,183182.8136,106
Krafthouse Recording Studio,7-11 Minerva Road,Park Royal,,Ealing,http://www.krafthouse.co.uk/,See notes ,E09000009,North Acton,E05013527,51.52946,-0.26138,520698.96719999984,182604.4173000008,106
Kore Studios ,Unit 15 Allied Way,Warple Way,,Ealing,https://www.kore-studios.com/,12013164,E09000009,Southfield,E05013540,51.505455,-0.25541445,521176.4095999999,179944.8317000009,106
The Qube,168 Dukes Road,,,Ealing,http://theqube.wpengine.com/book-a-studio/,12096519,E09000009,North Acton,E05013527,51.523942,-0.2821401,519273.41980000027,181956.79810000025,106
Konnect Studios,"Unit 29, Excelsior Studios",17 - 19 Sunbeam Rd,,Ealing,https://www.instagram.com/konnectstudios/?hl=en,12203091,E09000009,North Acton,E05013527,51.525737,-0.26354833,520558.39690000005,182186.8370999992,106
Kabin Studios ,42 Gorst Rd,,,Ealing,https://kabinstudios.co.uk/,12130599,E09000009,North Acton,E05013527,51.526773,-0.26493608,520459.3992999997,182299.76109999977,106
Respect the Studio,"Unit 10, Wendover Court",,,Ealing,https://respectthestudio.com/,12202186,E09000009,North Acton,E05013527,51.525898,-0.27201869,519970.4062999999,182190.83689999953,106
The Soundhouse Ltd,"Unit 10, Victoria Industrial Estate",Victoria Road,Acton,Ealing,https://www.thesoundhousestudios.co.uk/visual-media/,12153488,E09000009,North Acton,E05013527,51.521948,-0.25665814,521046.3937999997,181776.84860000014,106
Wayve Studios,Nash House,Old Oak Lane,,Ealing,https://www.wayvestudios.com/,See notes,E09000009,North Acton,E05013527,51.52882,-0.25031,521468.49679999985,182551.53869999945,106
Bell Studios,42891 Greenock Road,Ealing,,Ealing,www.bellstudios.co.uk,12098715,E09000009,Southfield,E05013540,51.49793209,-0.270848107,520125.1107000001,179082.8560000006,106
Big Baggy Bounce,54-58 Stanley Gardens,Ealing,,Ealing,www.bigbaggybounce.com,12149809,E09000009,Southfield,E05013540,51.50465056,-0.255087615,521201.2248999998,179855.9162000008,106
Cartel Studios,203-205 The Vale,Ealing,,Ealing,http://www.cartelstudios.co.uk/,12117050,E09000009,Southfield,E05013540,51.50564765,-0.257427375,521036.20600000024,179962.92860000022,106
Survival Studios,Unit B12-B20 Acton Business Centre,School Road,Ealing,Ealing,www.survivalstudios.co.uk,12150052,E09000009,North Acton,E05013527,51.52523576,-0.256852566,521024.1930999998,182142.13680000044,106
Panic Music Rehearsal Studios,14 Trading Estate Road ,,,Ealing,www.panic-music.co.uk,12141371,E09000009,North Acton,E05013527,51.52637,-0.26877,520194.51680000033,182248.64939999953,106
Soundstage Studio,"Unit 1, 30 Gorst Road",Ealing,,Ealing,http://soundstagestudios.co.uk/,12017372,E09000009,North Acton,E05013527,51.52672154,-0.262433209,520633.14910000004,182298.15670000017,106
Music Bank,"Unit 4, Chandos Park",Chandos Road,Old Oak Common,Ealing,http://www.musicbank.org/, 12193729,E09000009,North Acton,E05013527,51.527647,-0.25534481,521122.38709999993,182412.76579999924,106
West London Art Factory ,135 Dukes Road,,,Ealing,https://www.westlondonartfactory.com/,12187273,E09000009,North Acton,E05013527,51.523802,-0.28241924,519254.42140000034,181940.77520000003,106
Art House Hire,7 Morris House,Swainson Road,,Ealing,http://www.arthousehire.com,12157848,E09000009,Southfield,E05013540,51.50466127,-0.247362944,521737.28390000015,179869.91080000065,106
China & Co Props Hire ,32 Acton Park,Industrial Estate,The Vale,Ealing,http://chinaandco.com,12140803,E09000009,Southfield,E05013540,51.5052314,-0.257255912,521049.20770000014,179916.92349999957,106
Classic Prop Hire,"The Vale, Acton",11-12  Trident Way,,Ealing,http://classicprophire.com,12021676,E09000009,Southall Green,E05013538,51.49941325,-0.399897927,511164.13379999995,179043.9042000007,106
Electro Props,17 B & C Aintree Road,,,Ealing,http://electroprops.co.uk,12179013,E09000009,Perivale,E05013534,51.53766646,-0.314827157,516970.71219999995,183430.33520000055,106
Get Set Hire,Unit 5a & 5b Heron Trading Estate,Alliance Road,,Ealing,http://www.getsethire.co.uk,12008467,E09000009,North Acton,E05013527,51.5234817,-0.272633933,519934.0741999997,181921.12859999947,106
Granger Hertzog,Unit 8 Central Park,Central Way,,Ealing,https://www.grangerhertzog.com/,202209337,E09000009,North Acton,E05013527,51.53098665,-0.263799236,520527.13460000046,182770.20309999958,106
Industrial Lights,The Waterside Trading Centre,90-95 Trumpers Way,,Ealing,http://www.industriallights.co.uk,12142952,E09000009,Hanwell Broadway,E05013525,51.5010213,-0.340243538,515300.5697999997,179314.93579999916,106
Men At Work ,Waterside Centre,90-95 Trumpers Way,,Ealing,http://menatwork.co.uk/contact/,12142952,E09000009,Hanwell Broadway,E05013525,51.5010213,-0.340243538,515300.5697999997,179314.93579999916,106
Get Set Hire,Units 4 & 5 Wave Trade Park,Concord Road,,Ealing,http://www.getsethire.co.uk,12195239,E09000009,North Acton,E05013527,51.525562,-0.27912394,519478.41330000013,182141.86229999922,106
La Maison London,No.1 Old Oak Lane,,,Ealing,https://www.lamaisonlondon.com,12139253,E09000009,North Acton,E05013527,51.531526,-0.24707942,521685.36039999966,182857.81189999916,106
DRS Construction,65 NORTH ACTON ROAD,,,Ealing,http://www.drsconstruction.co.uk/,12183422,E09000009,North Acton,E05013527,51.530534,-0.25961729,520818.38989999983,182726.75520000048,106
Freeform,154 Dukes Road ,London,,Ealing,https://freeform-design.com/,12096644,E09000009,North Acton,E05013527,51.525439,-0.28306401,519205.42009999976,182121.76669999957,106
Shape Design & Build Ltd,Sun Studios,30 Warple Way,,Ealing,https://www.shapedesignbuild.com/,12149827,E09000009,Southfield,E05013540,51.504944,-0.2561256,521128.4115000004,179886.83139999956,106
Embroidery BY Design Limited,Unit 3,24 Wandsworth Road,,Ealing,https://www.embroidery-by-design.co.uk/,12087939,E09000009,Perivale,E05013534,51.53512597,-0.310147826,517301.75490000006,183155.3002000004,106
Impact Theatre,Impact Community Arts Centre,Ealing Central Sports Ground,Horsenden Lane Sou,Ealing,https://www.impacttheatre.co/,12077905,E09000009,Perivale,E05013534,51.5366496,-0.326929357,516134.00850000046,183298.00620000064,106
Questors Theatre,12 Mattock Lane,,,Ealing,www.questors.org.uk,12084402,E09000009,Walpole,E05013541,51.51170889,-0.309656624,517396.0115,180552.00430000015,106
Elthorne Park High School,Westlea Road,,,Ealing,https://www.ephs.ealing.sch.uk/page/?title=Lettings+and+hire&pid=18,12141191,E09000009,Northfield,E05013530,51.500627,-0.33086508,515952.48709999956,179285.8878000006,106
Grange Court Theatre ,Drama Studio London, Grange Court,,Ealing,NA,12084359,E09000009,Ealing Common,E05013521,51.50991716,-0.305456884,517692.0466,180359.4902999997,106
The Questors Theatre,12 Mattock Ln,,,Ealing,http://www.questors.org.uk/,12084402,E09000009,Walpole,E05013541,51.51221678,-0.31124231,517284.67700000014,180605.9458000008,106
